symbol,universe_tag,generated_at_utc
AACB,universe_midcaps_v1,2025-12-20T17:03:04+00:00
AAM,universe_midcaps_v1,2025-12-20T17:03:04+00:00
AAME,universe_midcaps_v1,2025-12-20T17:03:04+00:00
AAMI,universe_midcaps_v1,2025-12-20T17:03:04+00:00
AAOI,universe_midcaps_v1,2025-12-20T17:03:04+00:00
AAON,universe_midcaps_v1,2025-12-20T17:03:04+00:00
AAP,universe_midcaps_v1,2025-12-20T17:03:04+00:00
AAPG,universe_midcaps_v1,2025-12-20T17:03:04+00:00
AARD,universe_midcaps_v1,2025-12-20T17:03:04+00:00
AAT,universe_midcaps_v1,2025-12-20T17:03:04+00:00
AAUC,universe_midcaps_v1,2025-12-20T17:03:04+00:00
AB,universe_midcaps_v1,2025-12-20T17:03:04+00:00
ABAT,universe_midcaps_v1,2025-12-20T17:03:04+00:00
ABCB,universe_midcaps_v1,2025-12-20T17:03:04+00:00
ABCL,universe_midcaps_v1,2025-12-20T17:03:04+00:00
ABEO,universe_midcaps_v1,2025-12-20T17:03:04+00:00
ABG,universe_midcaps_v1,2025-12-20T17:03:04+00:00
ABL,universe_midcaps_v1,2025-12-20T17:03:04+00:00
ABM,universe_midcaps_v1,2025-12-20T17:03:04+00:00
ABOS,universe_midcaps_v1,2025-12-20T17:03:04+00:00
ABP,universe_midcaps_v1,2025-12-20T17:03:04+00:00
ABR,universe_midcaps_v1,2025-12-20T17:03:04+00:00
ABSI,universe_midcaps_v1,2025-12-20T17:03:04+00:00
ABTC,universe_midcaps_v1,2025-12-20T17:03:04+00:00
ABTS,universe_midcaps_v1,2025-12-20T17:03:04+00:00
ABUS,universe_midcaps_v1,2025-12-20T17:03:04+00:00
ABVC,universe_midcaps_v1,2025-12-20T17:03:04+00:00
ABVE,universe_midcaps_v1,2025-12-20T17:03:04+00:00
ABVX,universe_midcaps_v1,2025-12-20T17:03:04+00:00
ACA,universe_midcaps_v1,2025-12-20T17:03:04+00:00
ACAD,universe_midcaps_v1,2025-12-20T17:03:04+00:00
ACB,universe_midcaps_v1,2025-12-20T17:03:04+00:00
ACCL,universe_midcaps_v1,2025-12-20T17:03:04+00:00
ACCO,universe_midcaps_v1,2025-12-20T17:03:04+00:00
ACCS,universe_midcaps_v1,2025-12-20T17:03:04+00:00
ACDC,universe_midcaps_v1,2025-12-20T17:03:04+00:00
ACEL,universe_midcaps_v1,2025-12-20T17:03:04+00:00
ACFN,universe_midcaps_v1,2025-12-20T17:03:04+00:00
ACHC,universe_midcaps_v1,2025-12-20T17:03:04+00:00
ACHR,universe_midcaps_v1,2025-12-20T17:03:04+00:00
ACHV,universe_midcaps_v1,2025-12-20T17:03:04+00:00
ACI,universe_midcaps_v1,2025-12-20T17:03:04+00:00
ACIC,universe_midcaps_v1,2025-12-20T17:03:04+00:00
ACIU,universe_midcaps_v1,2025-12-20T17:03:04+00:00
ACIW,universe_midcaps_v1,2025-12-20T17:03:04+00:00
ACLS,universe_midcaps_v1,2025-12-20T17:03:04+00:00
ACLX,universe_midcaps_v1,2025-12-20T17:03:04+00:00
ACMR,universe_midcaps_v1,2025-12-20T17:03:04+00:00
ACNB,universe_midcaps_v1,2025-12-20T17:03:04+00:00
ACNT,universe_midcaps_v1,2025-12-20T17:03:04+00:00
ACOG,universe_midcaps_v1,2025-12-20T17:03:04+00:00
ACON,universe_midcaps_v1,2025-12-20T17:03:04+00:00
ACR,universe_midcaps_v1,2025-12-20T17:03:04+00:00
ACRE,universe_midcaps_v1,2025-12-20T17:03:04+00:00
ACRS,universe_midcaps_v1,2025-12-20T17:03:04+00:00
ACRV,universe_midcaps_v1,2025-12-20T17:03:04+00:00
ACT,universe_midcaps_v1,2025-12-20T17:03:04+00:00
ACTG,universe_midcaps_v1,2025-12-20T17:03:04+00:00
ACTU,universe_midcaps_v1,2025-12-20T17:03:04+00:00
ACU,universe_midcaps_v1,2025-12-20T17:03:04+00:00
ACVA,universe_midcaps_v1,2025-12-20T17:03:04+00:00
ACXP,universe_midcaps_v1,2025-12-20T17:03:04+00:00
AD,universe_midcaps_v1,2025-12-20T17:03:04+00:00
ADACU,universe_midcaps_v1,2025-12-20T17:03:04+00:00
ADAG,universe_midcaps_v1,2025-12-20T17:03:04+00:00
ADAM,universe_midcaps_v1,2025-12-20T17:03:04+00:00
ADC,universe_midcaps_v1,2025-12-20T17:03:04+00:00
ADCT,universe_midcaps_v1,2025-12-20T17:03:04+00:00
ADEA,universe_midcaps_v1,2025-12-20T17:03:04+00:00
ADGM,universe_midcaps_v1,2025-12-20T17:03:04+00:00
ADMA,universe_midcaps_v1,2025-12-20T17:03:04+00:00
ADNT,universe_midcaps_v1,2025-12-20T17:03:04+00:00
ADPT,universe_midcaps_v1,2025-12-20T17:03:04+00:00
ADSE,universe_midcaps_v1,2025-12-20T17:03:04+00:00
ADT,universe_midcaps_v1,2025-12-20T17:03:04+00:00
ADTN,universe_midcaps_v1,2025-12-20T17:03:04+00:00
ADTX,universe_midcaps_v1,2025-12-20T17:03:04+00:00
ADUR,universe_midcaps_v1,2025-12-20T17:03:04+00:00
ADUS,universe_midcaps_v1,2025-12-20T17:03:04+00:00
ADVM,universe_midcaps_v1,2025-12-20T17:03:04+00:00
ADXN,universe_midcaps_v1,2025-12-20T17:03:04+00:00
AEAQU,universe_midcaps_v1,2025-12-20T17:03:04+00:00
AEBI,universe_midcaps_v1,2025-12-20T17:03:04+00:00
AEC,universe_midcaps_v1,2025-12-20T17:03:04+00:00
AEHL,universe_midcaps_v1,2025-12-20T17:03:04+00:00
AEHR,universe_midcaps_v1,2025-12-20T17:03:04+00:00
AEI,universe_midcaps_v1,2025-12-20T17:03:04+00:00
AEIS,universe_midcaps_v1,2025-12-20T17:03:04+00:00
AEMD,universe_midcaps_v1,2025-12-20T17:03:04+00:00
AENT,universe_midcaps_v1,2025-12-20T17:03:04+00:00
AEO,universe_midcaps_v1,2025-12-20T17:03:04+00:00
AEON,universe_midcaps_v1,2025-12-20T17:03:04+00:00
AERO,universe_midcaps_v1,2025-12-20T17:03:04+00:00
AES,universe_midcaps_v1,2025-12-20T17:03:04+00:00
AESI,universe_midcaps_v1,2025-12-20T17:03:04+00:00
AEVA,universe_midcaps_v1,2025-12-20T17:03:04+00:00
AEXA,universe_midcaps_v1,2025-12-20T17:03:04+00:00
AEYE,universe_midcaps_v1,2025-12-20T17:03:04+00:00
AFBI,universe_midcaps_v1,2025-12-20T17:03:04+00:00
AFCG,universe_midcaps_v1,2025-12-20T17:03:04+00:00
AFJK,universe_midcaps_v1,2025-12-20T17:03:04+00:00
AFRI,universe_midcaps_v1,2025-12-20T17:03:04+00:00
AFYA,universe_midcaps_v1,2025-12-20T17:03:04+00:00
AG,universe_midcaps_v1,2025-12-20T17:03:04+00:00
AGCC,universe_midcaps_v1,2025-12-20T17:03:04+00:00
AGCO,universe_midcaps_v1,2025-12-20T17:03:04+00:00
AGEN,universe_midcaps_v1,2025-12-20T17:03:04+00:00
AGH,universe_midcaps_v1,2025-12-20T17:03:04+00:00
AGIG,universe_midcaps_v1,2025-12-20T17:03:04+00:00
AGIO,universe_midcaps_v1,2025-12-20T17:03:04+00:00
AGM,universe_midcaps_v1,2025-12-20T17:03:04+00:00
AGMH,universe_midcaps_v1,2025-12-20T17:03:04+00:00
AGO,universe_midcaps_v1,2025-12-20T17:03:04+00:00
AGPU,universe_midcaps_v1,2025-12-20T17:03:04+00:00
AGRO,universe_midcaps_v1,2025-12-20T17:03:04+00:00
AGRZ,universe_midcaps_v1,2025-12-20T17:03:04+00:00
AGX,universe_midcaps_v1,2025-12-20T17:03:04+00:00
AGYS,universe_midcaps_v1,2025-12-20T17:03:04+00:00
AHCO,universe_midcaps_v1,2025-12-20T17:03:04+00:00
AHG,universe_midcaps_v1,2025-12-20T17:03:04+00:00
AHH,universe_midcaps_v1,2025-12-20T17:03:04+00:00
AHL,universe_midcaps_v1,2025-12-20T17:03:04+00:00
AHMA,universe_midcaps_v1,2025-12-20T17:03:04+00:00
AHR,universe_midcaps_v1,2025-12-20T17:03:04+00:00
AHT,universe_midcaps_v1,2025-12-20T17:03:04+00:00
AI,universe_midcaps_v1,2025-12-20T17:03:04+00:00
AIFF,universe_midcaps_v1,2025-12-20T17:03:04+00:00
AIFU,universe_midcaps_v1,2025-12-20T17:03:04+00:00
AIHS,universe_midcaps_v1,2025-12-20T17:03:04+00:00
AII,universe_midcaps_v1,2025-12-20T17:03:04+00:00
AIIA,universe_midcaps_v1,2025-12-20T17:03:04+00:00
AIM,universe_midcaps_v1,2025-12-20T17:03:04+00:00
AIMD,universe_midcaps_v1,2025-12-20T17:03:04+00:00
AIN,universe_midcaps_v1,2025-12-20T17:03:04+00:00
AIOT,universe_midcaps_v1,2025-12-20T17:03:04+00:00
AIP,universe_midcaps_v1,2025-12-20T17:03:04+00:00
AIR,universe_midcaps_v1,2025-12-20T17:03:04+00:00
AIRG,universe_midcaps_v1,2025-12-20T17:03:04+00:00
AIRI,universe_midcaps_v1,2025-12-20T17:03:04+00:00
AIRJ,universe_midcaps_v1,2025-12-20T17:03:04+00:00
AIRO,universe_midcaps_v1,2025-12-20T17:03:04+00:00
AIRS,universe_midcaps_v1,2025-12-20T17:03:04+00:00
AIRT,universe_midcaps_v1,2025-12-20T17:03:04+00:00
AISP,universe_midcaps_v1,2025-12-20T17:03:04+00:00
AIT,universe_midcaps_v1,2025-12-20T17:03:04+00:00
AIV,universe_midcaps_v1,2025-12-20T17:03:04+00:00
AIXC,universe_midcaps_v1,2025-12-20T17:03:04+00:00
AKA,universe_midcaps_v1,2025-12-20T17:03:04+00:00
AKBA,universe_midcaps_v1,2025-12-20T17:03:04+00:00
AKO-A,universe_midcaps_v1,2025-12-20T17:03:04+00:00
AKO-B,universe_midcaps_v1,2025-12-20T17:03:04+00:00
AKR,universe_midcaps_v1,2025-12-20T17:03:04+00:00
AKRO,universe_midcaps_v1,2025-12-20T17:03:04+00:00
AL,universe_midcaps_v1,2025-12-20T17:03:04+00:00
ALAR,universe_midcaps_v1,2025-12-20T17:03:04+00:00
ALBT,universe_midcaps_v1,2025-12-20T17:03:04+00:00
ALCO,universe_midcaps_v1,2025-12-20T17:03:04+00:00
ALCY,universe_midcaps_v1,2025-12-20T17:03:04+00:00
ALDF,universe_midcaps_v1,2025-12-20T17:03:04+00:00
ALDX,universe_midcaps_v1,2025-12-20T17:03:04+00:00
ALE,universe_midcaps_v1,2025-12-20T17:03:04+00:00
ALEC,universe_midcaps_v1,2025-12-20T17:03:04+00:00
ALEX,universe_midcaps_v1,2025-12-20T17:03:04+00:00
ALF,universe_midcaps_v1,2025-12-20T17:03:04+00:00
ALG,universe_midcaps_v1,2025-12-20T17:03:04+00:00
ALGM,universe_midcaps_v1,2025-12-20T17:03:04+00:00
ALGS,universe_midcaps_v1,2025-12-20T17:03:04+00:00
ALGT,universe_midcaps_v1,2025-12-20T17:03:04+00:00
ALH,universe_midcaps_v1,2025-12-20T17:03:04+00:00
ALHC,universe_midcaps_v1,2025-12-20T17:03:04+00:00
ALIS,universe_midcaps_v1,2025-12-20T17:03:04+00:00
ALIT,universe_midcaps_v1,2025-12-20T17:03:04+00:00
ALK,universe_midcaps_v1,2025-12-20T17:03:04+00:00
ALKS,universe_midcaps_v1,2025-12-20T17:03:04+00:00
ALKT,universe_midcaps_v1,2025-12-20T17:03:04+00:00
ALLO,universe_midcaps_v1,2025-12-20T17:03:04+00:00
ALLR,universe_midcaps_v1,2025-12-20T17:03:04+00:00
ALLT,universe_midcaps_v1,2025-12-20T17:03:04+00:00
ALM,universe_midcaps_v1,2025-12-20T17:03:04+00:00
ALMS,universe_midcaps_v1,2025-12-20T17:03:04+00:00
ALMU,universe_midcaps_v1,2025-12-20T17:03:04+00:00
ALNT,universe_midcaps_v1,2025-12-20T17:03:04+00:00
ALOT,universe_midcaps_v1,2025-12-20T17:03:04+00:00
ALRM,universe_midcaps_v1,2025-12-20T17:03:04+00:00
ALRS,universe_midcaps_v1,2025-12-20T17:03:04+00:00
ALSN,universe_midcaps_v1,2025-12-20T17:03:04+00:00
ALT,universe_midcaps_v1,2025-12-20T17:03:04+00:00
ALTG,universe_midcaps_v1,2025-12-20T17:03:04+00:00
ALTI,universe_midcaps_v1,2025-12-20T17:03:04+00:00
ALTO,universe_midcaps_v1,2025-12-20T17:03:04+00:00
ALTS,universe_midcaps_v1,2025-12-20T17:03:04+00:00
ALUB-U,universe_midcaps_v1,2025-12-20T17:03:04+00:00
ALUR,universe_midcaps_v1,2025-12-20T17:03:04+00:00
ALV,universe_midcaps_v1,2025-12-20T17:03:04+00:00
ALVO,universe_midcaps_v1,2025-12-20T17:03:04+00:00
ALX,universe_midcaps_v1,2025-12-20T17:03:04+00:00
ALXO,universe_midcaps_v1,2025-12-20T17:03:04+00:00
ALZN,universe_midcaps_v1,2025-12-20T17:03:04+00:00
AM,universe_midcaps_v1,2025-12-20T17:03:04+00:00
AMAL,universe_midcaps_v1,2025-12-20T17:03:04+00:00
AMBA,universe_midcaps_v1,2025-12-20T17:03:04+00:00
AMBO,universe_midcaps_v1,2025-12-20T17:03:04+00:00
AMBP,universe_midcaps_v1,2025-12-20T17:03:04+00:00
AMBQ,universe_midcaps_v1,2025-12-20T17:03:04+00:00
AMBR,universe_midcaps_v1,2025-12-20T17:03:04+00:00
AMC,universe_midcaps_v1,2025-12-20T17:03:04+00:00
AMCI,universe_midcaps_v1,2025-12-20T17:03:04+00:00
AMCX,universe_midcaps_v1,2025-12-20T17:03:04+00:00
AMG,universe_midcaps_v1,2025-12-20T17:03:04+00:00
AMKR,universe_midcaps_v1,2025-12-20T17:03:04+00:00
AMLX,universe_midcaps_v1,2025-12-20T17:03:04+00:00
AMN,universe_midcaps_v1,2025-12-20T17:03:04+00:00
AMPG,universe_midcaps_v1,2025-12-20T17:03:04+00:00
AMPH,universe_midcaps_v1,2025-12-20T17:03:04+00:00
AMPL,universe_midcaps_v1,2025-12-20T17:03:04+00:00
AMPX,universe_midcaps_v1,2025-12-20T17:03:04+00:00
AMPY,universe_midcaps_v1,2025-12-20T17:03:04+00:00
AMR,universe_midcaps_v1,2025-12-20T17:03:04+00:00
AMRC,universe_midcaps_v1,2025-12-20T17:03:04+00:00
AMRN,universe_midcaps_v1,2025-12-20T17:03:04+00:00
AMRX,universe_midcaps_v1,2025-12-20T17:03:04+00:00
AMS,universe_midcaps_v1,2025-12-20T17:03:04+00:00
AMSC,universe_midcaps_v1,2025-12-20T17:03:04+00:00
AMSF,universe_midcaps_v1,2025-12-20T17:03:04+00:00
AMST,universe_midcaps_v1,2025-12-20T17:03:04+00:00
AMTB,universe_midcaps_v1,2025-12-20T17:03:04+00:00
AMTD,universe_midcaps_v1,2025-12-20T17:03:04+00:00
AMTM,universe_midcaps_v1,2025-12-20T17:03:04+00:00
AMTX,universe_midcaps_v1,2025-12-20T17:03:04+00:00
AMWD,universe_midcaps_v1,2025-12-20T17:03:04+00:00
AMWL,universe_midcaps_v1,2025-12-20T17:03:04+00:00
AN,universe_midcaps_v1,2025-12-20T17:03:04+00:00
ANAB,universe_midcaps_v1,2025-12-20T17:03:04+00:00
ANDE,universe_midcaps_v1,2025-12-20T17:03:04+00:00
ANDG,universe_midcaps_v1,2025-12-20T17:03:04+00:00
ANEB,universe_midcaps_v1,2025-12-20T17:03:04+00:00
ANF,universe_midcaps_v1,2025-12-20T17:03:04+00:00
ANGH,universe_midcaps_v1,2025-12-20T17:03:04+00:00
ANGI,universe_midcaps_v1,2025-12-20T17:03:04+00:00
ANGO,universe_midcaps_v1,2025-12-20T17:03:04+00:00
ANGX,universe_midcaps_v1,2025-12-20T17:03:04+00:00
ANIK,universe_midcaps_v1,2025-12-20T17:03:04+00:00
ANIP,universe_midcaps_v1,2025-12-20T17:03:04+00:00
ANIX,universe_midcaps_v1,2025-12-20T17:03:04+00:00
ANL,universe_midcaps_v1,2025-12-20T17:03:04+00:00
ANNA,universe_midcaps_v1,2025-12-20T17:03:04+00:00
ANNX,universe_midcaps_v1,2025-12-20T17:03:04+00:00
ANPA,universe_midcaps_v1,2025-12-20T17:03:04+00:00
ANRO,universe_midcaps_v1,2025-12-20T17:03:04+00:00
ANSC,universe_midcaps_v1,2025-12-20T17:03:04+00:00
ANTA,universe_midcaps_v1,2025-12-20T17:03:04+00:00
ANTX,universe_midcaps_v1,2025-12-20T17:03:04+00:00
ANVS,universe_midcaps_v1,2025-12-20T17:03:04+00:00
AOMR,universe_midcaps_v1,2025-12-20T17:03:04+00:00
AORT,universe_midcaps_v1,2025-12-20T17:03:04+00:00
AOS,universe_midcaps_v1,2025-12-20T17:03:04+00:00
AOSL,universe_midcaps_v1,2025-12-20T17:03:04+00:00
AOUT,universe_midcaps_v1,2025-12-20T17:03:04+00:00
AP,universe_midcaps_v1,2025-12-20T17:03:04+00:00
APA,universe_midcaps_v1,2025-12-20T17:03:04+00:00
APAC,universe_midcaps_v1,2025-12-20T17:03:04+00:00
APAD,universe_midcaps_v1,2025-12-20T17:03:04+00:00
APAM,universe_midcaps_v1,2025-12-20T17:03:04+00:00
APEI,universe_midcaps_v1,2025-12-20T17:03:04+00:00
APGE,universe_midcaps_v1,2025-12-20T17:03:04+00:00
API,universe_midcaps_v1,2025-12-20T17:03:04+00:00
APLD,universe_midcaps_v1,2025-12-20T17:03:04+00:00
APLE,universe_midcaps_v1,2025-12-20T17:03:04+00:00
APLM,universe_midcaps_v1,2025-12-20T17:03:04+00:00
APLS,universe_midcaps_v1,2025-12-20T17:03:04+00:00
APM,universe_midcaps_v1,2025-12-20T17:03:04+00:00
APOG,universe_midcaps_v1,2025-12-20T17:03:04+00:00
APPF,universe_midcaps_v1,2025-12-20T17:03:04+00:00
APPN,universe_midcaps_v1,2025-12-20T17:03:04+00:00
APPS,universe_midcaps_v1,2025-12-20T17:03:04+00:00
APT,universe_midcaps_v1,2025-12-20T17:03:04+00:00
APUS,universe_midcaps_v1,2025-12-20T17:03:04+00:00
APVO,universe_midcaps_v1,2025-12-20T17:03:04+00:00
APWC,universe_midcaps_v1,2025-12-20T17:03:04+00:00
APXT,universe_midcaps_v1,2025-12-20T17:03:04+00:00
APYX,universe_midcaps_v1,2025-12-20T17:03:04+00:00
AQMS,universe_midcaps_v1,2025-12-20T17:03:04+00:00
AQN,universe_midcaps_v1,2025-12-20T17:03:04+00:00
AQST,universe_midcaps_v1,2025-12-20T17:03:04+00:00
ARAI,universe_midcaps_v1,2025-12-20T17:03:04+00:00
ARBB,universe_midcaps_v1,2025-12-20T17:03:04+00:00
ARBE,universe_midcaps_v1,2025-12-20T17:03:04+00:00
ARBK,universe_midcaps_v1,2025-12-20T17:03:04+00:00
ARCB,universe_midcaps_v1,2025-12-20T17:03:04+00:00
ARCO,universe_midcaps_v1,2025-12-20T17:03:04+00:00
ARCT,universe_midcaps_v1,2025-12-20T17:03:04+00:00
ARDT,universe_midcaps_v1,2025-12-20T17:03:04+00:00
ARDX,universe_midcaps_v1,2025-12-20T17:03:04+00:00
ARE,universe_midcaps_v1,2025-12-20T17:03:04+00:00
AREC,universe_midcaps_v1,2025-12-20T17:03:04+00:00
AREN,universe_midcaps_v1,2025-12-20T17:03:04+00:00
ARHS,universe_midcaps_v1,2025-12-20T17:03:04+00:00
ARI,universe_midcaps_v1,2025-12-20T17:03:04+00:00
ARKO,universe_midcaps_v1,2025-12-20T17:03:04+00:00
ARKR,universe_midcaps_v1,2025-12-20T17:03:04+00:00
ARL,universe_midcaps_v1,2025-12-20T17:03:04+00:00
ARLO,universe_midcaps_v1,2025-12-20T17:03:04+00:00
ARLP,universe_midcaps_v1,2025-12-20T17:03:04+00:00
ARMK,universe_midcaps_v1,2025-12-20T17:03:04+00:00
ARMN,universe_midcaps_v1,2025-12-20T17:03:04+00:00
ARMP,universe_midcaps_v1,2025-12-20T17:03:04+00:00
AROC,universe_midcaps_v1,2025-12-20T17:03:04+00:00
AROW,universe_midcaps_v1,2025-12-20T17:03:04+00:00
ARQ,universe_midcaps_v1,2025-12-20T17:03:04+00:00
ARQQ,universe_midcaps_v1,2025-12-20T17:03:04+00:00
ARQT,universe_midcaps_v1,2025-12-20T17:03:04+00:00
ARR,universe_midcaps_v1,2025-12-20T17:03:04+00:00
ARRY,universe_midcaps_v1,2025-12-20T17:03:04+00:00
ARTL,universe_midcaps_v1,2025-12-20T17:03:04+00:00
ARTNA,universe_midcaps_v1,2025-12-20T17:03:04+00:00
ARTV,universe_midcaps_v1,2025-12-20T17:03:04+00:00
ARTW,universe_midcaps_v1,2025-12-20T17:03:04+00:00
ARVN,universe_midcaps_v1,2025-12-20T17:03:04+00:00
ARW,universe_midcaps_v1,2025-12-20T17:03:04+00:00
ARWR,universe_midcaps_v1,2025-12-20T17:03:04+00:00
ARX,universe_midcaps_v1,2025-12-20T17:03:04+00:00
ASAN,universe_midcaps_v1,2025-12-20T17:03:04+00:00
ASB,universe_midcaps_v1,2025-12-20T17:03:04+00:00
ASC,universe_midcaps_v1,2025-12-20T17:03:04+00:00
ASGN,universe_midcaps_v1,2025-12-20T17:03:04+00:00
ASH,universe_midcaps_v1,2025-12-20T17:03:04+00:00
ASIC,universe_midcaps_v1,2025-12-20T17:03:04+00:00
ASIX,universe_midcaps_v1,2025-12-20T17:03:04+00:00
ASLE,universe_midcaps_v1,2025-12-20T17:03:04+00:00
ASM,universe_midcaps_v1,2025-12-20T17:03:04+00:00
ASMB,universe_midcaps_v1,2025-12-20T17:03:04+00:00
ASO,universe_midcaps_v1,2025-12-20T17:03:04+00:00
ASPC,universe_midcaps_v1,2025-12-20T17:03:04+00:00
ASPI,universe_midcaps_v1,2025-12-20T17:03:04+00:00
ASPN,universe_midcaps_v1,2025-12-20T17:03:04+00:00
ASPS,universe_midcaps_v1,2025-12-20T17:03:04+00:00
ASR,universe_midcaps_v1,2025-12-20T17:03:04+00:00
ASRV,universe_midcaps_v1,2025-12-20T17:03:04+00:00
ASTC,universe_midcaps_v1,2025-12-20T17:03:04+00:00
ASTE,universe_midcaps_v1,2025-12-20T17:03:04+00:00
ASTH,universe_midcaps_v1,2025-12-20T17:03:04+00:00
ASTI,universe_midcaps_v1,2025-12-20T17:03:04+00:00
ASTL,universe_midcaps_v1,2025-12-20T17:03:04+00:00
ASUR,universe_midcaps_v1,2025-12-20T17:03:04+00:00
ASYS,universe_midcaps_v1,2025-12-20T17:03:04+00:00
ATAI,universe_midcaps_v1,2025-12-20T17:03:04+00:00
ATAT,universe_midcaps_v1,2025-12-20T17:03:04+00:00
ATEC,universe_midcaps_v1,2025-12-20T17:03:04+00:00
ATEN,universe_midcaps_v1,2025-12-20T17:03:04+00:00
ATEX,universe_midcaps_v1,2025-12-20T17:03:04+00:00
ATGE,universe_midcaps_v1,2025-12-20T17:03:04+00:00
ATGL,universe_midcaps_v1,2025-12-20T17:03:04+00:00
ATHA,universe_midcaps_v1,2025-12-20T17:03:04+00:00
ATHE,universe_midcaps_v1,2025-12-20T17:03:04+00:00
ATHM,universe_midcaps_v1,2025-12-20T17:03:04+00:00
ATHR,universe_midcaps_v1,2025-12-20T17:03:04+00:00
ATII,universe_midcaps_v1,2025-12-20T17:03:04+00:00
ATKR,universe_midcaps_v1,2025-12-20T17:03:04+00:00
ATLC,universe_midcaps_v1,2025-12-20T17:03:04+00:00
ATLN,universe_midcaps_v1,2025-12-20T17:03:04+00:00
ATLO,universe_midcaps_v1,2025-12-20T17:03:04+00:00
ATLX,universe_midcaps_v1,2025-12-20T17:03:04+00:00
ATMC,universe_midcaps_v1,2025-12-20T17:03:04+00:00
ATMU,universe_midcaps_v1,2025-12-20T17:03:04+00:00
ATNI,universe_midcaps_v1,2025-12-20T17:03:04+00:00
ATNM,universe_midcaps_v1,2025-12-20T17:03:04+00:00
ATOM,universe_midcaps_v1,2025-12-20T17:03:04+00:00
ATR,universe_midcaps_v1,2025-12-20T17:03:04+00:00
ATRA,universe_midcaps_v1,2025-12-20T17:03:04+00:00
ATRC,universe_midcaps_v1,2025-12-20T17:03:04+00:00
ATRO,universe_midcaps_v1,2025-12-20T17:03:04+00:00
ATS,universe_midcaps_v1,2025-12-20T17:03:04+00:00
ATXS,universe_midcaps_v1,2025-12-20T17:03:04+00:00
AUB,universe_midcaps_v1,2025-12-20T17:03:04+00:00
AUBN,universe_midcaps_v1,2025-12-20T17:03:04+00:00
AUDC,universe_midcaps_v1,2025-12-20T17:03:04+00:00
AUGO,universe_midcaps_v1,2025-12-20T17:03:04+00:00
AUNA,universe_midcaps_v1,2025-12-20T17:03:04+00:00
AUPH,universe_midcaps_v1,2025-12-20T17:03:04+00:00
AUR,universe_midcaps_v1,2025-12-20T17:03:04+00:00
AURA,universe_midcaps_v1,2025-12-20T17:03:04+00:00
AUST,universe_midcaps_v1,2025-12-20T17:03:04+00:00
AUTL,universe_midcaps_v1,2025-12-20T17:03:04+00:00
AVA,universe_midcaps_v1,2025-12-20T17:03:04+00:00
AVAH,universe_midcaps_v1,2025-12-20T17:03:04+00:00
AVAL,universe_midcaps_v1,2025-12-20T17:03:04+00:00
AVBC,universe_midcaps_v1,2025-12-20T17:03:04+00:00
AVBH,universe_midcaps_v1,2025-12-20T17:03:04+00:00
AVBP,universe_midcaps_v1,2025-12-20T17:03:04+00:00
AVD,universe_midcaps_v1,2025-12-20T17:03:04+00:00
AVDL,universe_midcaps_v1,2025-12-20T17:03:04+00:00
AVIR,universe_midcaps_v1,2025-12-20T17:03:04+00:00
AVNS,universe_midcaps_v1,2025-12-20T17:03:04+00:00
AVNT,universe_midcaps_v1,2025-12-20T17:03:04+00:00
AVNW,universe_midcaps_v1,2025-12-20T17:03:04+00:00
AVO,universe_midcaps_v1,2025-12-20T17:03:04+00:00
AVPT,universe_midcaps_v1,2025-12-20T17:03:04+00:00
AVR,universe_midcaps_v1,2025-12-20T17:03:04+00:00
AVT,universe_midcaps_v1,2025-12-20T17:03:04+00:00
AVTR,universe_midcaps_v1,2025-12-20T17:03:04+00:00
AVTX,universe_midcaps_v1,2025-12-20T17:03:04+00:00
AVX,universe_midcaps_v1,2025-12-20T17:03:04+00:00
AVXL,universe_midcaps_v1,2025-12-20T17:03:04+00:00
AWI,universe_midcaps_v1,2025-12-20T17:03:04+00:00
AWR,universe_midcaps_v1,2025-12-20T17:03:04+00:00
AWRE,universe_midcaps_v1,2025-12-20T17:03:04+00:00
AWX,universe_midcaps_v1,2025-12-20T17:03:04+00:00
AX,universe_midcaps_v1,2025-12-20T17:03:04+00:00
AXG,universe_midcaps_v1,2025-12-20T17:03:04+00:00
AXGN,universe_midcaps_v1,2025-12-20T17:03:04+00:00
AXIL,universe_midcaps_v1,2025-12-20T17:03:04+00:00
AXIN,universe_midcaps_v1,2025-12-20T17:03:04+00:00
AXL,universe_midcaps_v1,2025-12-20T17:03:04+00:00
AXR,universe_midcaps_v1,2025-12-20T17:03:04+00:00
AXS,universe_midcaps_v1,2025-12-20T17:03:04+00:00
AXSM,universe_midcaps_v1,2025-12-20T17:03:04+00:00
AXTA,universe_midcaps_v1,2025-12-20T17:03:04+00:00
AXTI,universe_midcaps_v1,2025-12-20T17:03:04+00:00
AYTU,universe_midcaps_v1,2025-12-20T17:03:04+00:00
AZ,universe_midcaps_v1,2025-12-20T17:03:04+00:00
AZI,universe_midcaps_v1,2025-12-20T17:03:04+00:00
AZTA,universe_midcaps_v1,2025-12-20T17:03:04+00:00
AZZ,universe_midcaps_v1,2025-12-20T17:03:04+00:00
BACC,universe_midcaps_v1,2025-12-20T17:03:04+00:00
BACQ,universe_midcaps_v1,2025-12-20T17:03:04+00:00
BAER,universe_midcaps_v1,2025-12-20T17:03:04+00:00
BAFN,universe_midcaps_v1,2025-12-20T17:03:04+00:00
BAK,universe_midcaps_v1,2025-12-20T17:03:04+00:00
BALY,universe_midcaps_v1,2025-12-20T17:03:04+00:00
BANC,universe_midcaps_v1,2025-12-20T17:03:04+00:00
BAND,universe_midcaps_v1,2025-12-20T17:03:04+00:00
BANF,universe_midcaps_v1,2025-12-20T17:03:04+00:00
BANR,universe_midcaps_v1,2025-12-20T17:03:04+00:00
BAOS,universe_midcaps_v1,2025-12-20T17:03:04+00:00
BATL,universe_midcaps_v1,2025-12-20T17:03:04+00:00
BATRA,universe_midcaps_v1,2025-12-20T17:03:04+00:00
BATRK,universe_midcaps_v1,2025-12-20T17:03:04+00:00
BAX,universe_midcaps_v1,2025-12-20T17:03:04+00:00
BAYA,universe_midcaps_v1,2025-12-20T17:03:04+00:00
BB,universe_midcaps_v1,2025-12-20T17:03:04+00:00
BBAI,universe_midcaps_v1,2025-12-20T17:03:04+00:00
BBAR,universe_midcaps_v1,2025-12-20T17:03:04+00:00
BBBY,universe_midcaps_v1,2025-12-20T17:03:04+00:00
BBCP,universe_midcaps_v1,2025-12-20T17:03:04+00:00
BBDC,universe_midcaps_v1,2025-12-20T17:03:04+00:00
BBGI,universe_midcaps_v1,2025-12-20T17:03:04+00:00
BBLG,universe_midcaps_v1,2025-12-20T17:03:04+00:00
BBNX,universe_midcaps_v1,2025-12-20T17:03:04+00:00
BBOT,universe_midcaps_v1,2025-12-20T17:03:04+00:00
BBSI,universe_midcaps_v1,2025-12-20T17:03:04+00:00
BBT,universe_midcaps_v1,2025-12-20T17:03:04+00:00
BBU,universe_midcaps_v1,2025-12-20T17:03:04+00:00
BBUC,universe_midcaps_v1,2025-12-20T17:03:04+00:00
BBW,universe_midcaps_v1,2025-12-20T17:03:04+00:00
BBWI,universe_midcaps_v1,2025-12-20T17:03:04+00:00
BC,universe_midcaps_v1,2025-12-20T17:03:04+00:00
BCAL,universe_midcaps_v1,2025-12-20T17:03:04+00:00
BCAR,universe_midcaps_v1,2025-12-20T17:03:04+00:00
BCAX,universe_midcaps_v1,2025-12-20T17:03:04+00:00
BCBP,universe_midcaps_v1,2025-12-20T17:03:04+00:00
BCC,universe_midcaps_v1,2025-12-20T17:03:04+00:00
BCDA,universe_midcaps_v1,2025-12-20T17:03:04+00:00
BCG,universe_midcaps_v1,2025-12-20T17:03:04+00:00
BCIC,universe_midcaps_v1,2025-12-20T17:03:04+00:00
BCML,universe_midcaps_v1,2025-12-20T17:03:04+00:00
BCO,universe_midcaps_v1,2025-12-20T17:03:04+00:00
BCPC,universe_midcaps_v1,2025-12-20T17:03:04+00:00
BCRX,universe_midcaps_v1,2025-12-20T17:03:04+00:00
BCSF,universe_midcaps_v1,2025-12-20T17:03:04+00:00
BCSS,universe_midcaps_v1,2025-12-20T17:03:04+00:00
BCTX,universe_midcaps_v1,2025-12-20T17:03:04+00:00
BCYC,universe_midcaps_v1,2025-12-20T17:03:04+00:00
BDC,universe_midcaps_v1,2025-12-20T17:03:04+00:00
BDCI,universe_midcaps_v1,2025-12-20T17:03:04+00:00
BDL,universe_midcaps_v1,2025-12-20T17:03:04+00:00
BDMD,universe_midcaps_v1,2025-12-20T17:03:04+00:00
BDN,universe_midcaps_v1,2025-12-20T17:03:04+00:00
BDRX,universe_midcaps_v1,2025-12-20T17:03:04+00:00
BDSX,universe_midcaps_v1,2025-12-20T17:03:04+00:00
BDTX,universe_midcaps_v1,2025-12-20T17:03:04+00:00
BEAG,universe_midcaps_v1,2025-12-20T17:03:04+00:00
BEAM,universe_midcaps_v1,2025-12-20T17:03:04+00:00
BEAT,universe_midcaps_v1,2025-12-20T17:03:04+00:00
BEBE-U,universe_midcaps_v1,2025-12-20T17:03:04+00:00
BEDU,universe_midcaps_v1,2025-12-20T17:03:04+00:00
BEEM,universe_midcaps_v1,2025-12-20T17:03:04+00:00
BEEP,universe_midcaps_v1,2025-12-20T17:03:04+00:00
BELFA,universe_midcaps_v1,2025-12-20T17:03:04+00:00
BELFB,universe_midcaps_v1,2025-12-20T17:03:04+00:00
BENF,universe_midcaps_v1,2025-12-20T17:03:04+00:00
BEP,universe_midcaps_v1,2025-12-20T17:03:04+00:00
BEPC,universe_midcaps_v1,2025-12-20T17:03:04+00:00
BETA,universe_midcaps_v1,2025-12-20T17:03:04+00:00
BETR,universe_midcaps_v1,2025-12-20T17:03:04+00:00
BFAM,universe_midcaps_v1,2025-12-20T17:03:04+00:00
BFC,universe_midcaps_v1,2025-12-20T17:03:04+00:00
BFH,universe_midcaps_v1,2025-12-20T17:03:04+00:00
BFIN,universe_midcaps_v1,2025-12-20T17:03:04+00:00
BFLY,universe_midcaps_v1,2025-12-20T17:03:04+00:00
BFRG,universe_midcaps_v1,2025-12-20T17:03:04+00:00
BFS,universe_midcaps_v1,2025-12-20T17:03:04+00:00
BFST,universe_midcaps_v1,2025-12-20T17:03:04+00:00
BGC,universe_midcaps_v1,2025-12-20T17:03:04+00:00
BGIN,universe_midcaps_v1,2025-12-20T17:03:04+00:00
BGL,universe_midcaps_v1,2025-12-20T17:03:04+00:00
BGLC,universe_midcaps_v1,2025-12-20T17:03:04+00:00
BGM,universe_midcaps_v1,2025-12-20T17:03:04+00:00
BGMS,universe_midcaps_v1,2025-12-20T17:03:04+00:00
BGS,universe_midcaps_v1,2025-12-20T17:03:04+00:00
BGSF,universe_midcaps_v1,2025-12-20T17:03:04+00:00
BGSI,universe_midcaps_v1,2025-12-20T17:03:04+00:00
BH,universe_midcaps_v1,2025-12-20T17:03:04+00:00
BHAT,universe_midcaps_v1,2025-12-20T17:03:04+00:00
BHB,universe_midcaps_v1,2025-12-20T17:03:04+00:00
BHC,universe_midcaps_v1,2025-12-20T17:03:04+00:00
BHE,universe_midcaps_v1,2025-12-20T17:03:04+00:00
BHF,universe_midcaps_v1,2025-12-20T17:03:04+00:00
BHM,universe_midcaps_v1,2025-12-20T17:03:04+00:00
BHR,universe_midcaps_v1,2025-12-20T17:03:04+00:00
BHRB,universe_midcaps_v1,2025-12-20T17:03:04+00:00
BHST,universe_midcaps_v1,2025-12-20T17:03:04+00:00
BHVN,universe_midcaps_v1,2025-12-20T17:03:04+00:00
BIAF,universe_midcaps_v1,2025-12-20T17:03:04+00:00
BILI,universe_midcaps_v1,2025-12-20T17:03:04+00:00
BILL,universe_midcaps_v1,2025-12-20T17:03:04+00:00
BIO,universe_midcaps_v1,2025-12-20T17:03:04+00:00
BIOA,universe_midcaps_v1,2025-12-20T17:03:04+00:00
BIOX,universe_midcaps_v1,2025-12-20T17:03:04+00:00
BIPC,universe_midcaps_v1,2025-12-20T17:03:04+00:00
BIRD,universe_midcaps_v1,2025-12-20T17:03:04+00:00
BIRK,universe_midcaps_v1,2025-12-20T17:03:04+00:00
BITF,universe_midcaps_v1,2025-12-20T17:03:04+00:00
BIVI,universe_midcaps_v1,2025-12-20T17:03:04+00:00
BIXIU,universe_midcaps_v1,2025-12-20T17:03:04+00:00
BJRI,universe_midcaps_v1,2025-12-20T17:03:04+00:00
BKD,universe_midcaps_v1,2025-12-20T17:03:04+00:00
BKE,universe_midcaps_v1,2025-12-20T17:03:04+00:00
BKH,universe_midcaps_v1,2025-12-20T17:03:04+00:00
BKHA,universe_midcaps_v1,2025-12-20T17:03:04+00:00
BKKT,universe_midcaps_v1,2025-12-20T17:03:04+00:00
BKSY,universe_midcaps_v1,2025-12-20T17:03:04+00:00
BKTI,universe_midcaps_v1,2025-12-20T17:03:04+00:00
BKU,universe_midcaps_v1,2025-12-20T17:03:04+00:00
BKV,universe_midcaps_v1,2025-12-20T17:03:04+00:00
BL,universe_midcaps_v1,2025-12-20T17:03:04+00:00
BLBD,universe_midcaps_v1,2025-12-20T17:03:04+00:00
BLBX,universe_midcaps_v1,2025-12-20T17:03:04+00:00
BLCO,universe_midcaps_v1,2025-12-20T17:03:04+00:00
BLDP,universe_midcaps_v1,2025-12-20T17:03:04+00:00
BLFS,universe_midcaps_v1,2025-12-20T17:03:04+00:00
BLFY,universe_midcaps_v1,2025-12-20T17:03:04+00:00
BLIV,universe_midcaps_v1,2025-12-20T17:03:04+00:00
BLKB,universe_midcaps_v1,2025-12-20T17:03:04+00:00
BLLN,universe_midcaps_v1,2025-12-20T17:03:04+00:00
BLMN,universe_midcaps_v1,2025-12-20T17:03:04+00:00
BLND,universe_midcaps_v1,2025-12-20T17:03:04+00:00
BLNE,universe_midcaps_v1,2025-12-20T17:03:04+00:00
BLRKU,universe_midcaps_v1,2025-12-20T17:03:04+00:00
BLRX,universe_midcaps_v1,2025-12-20T17:03:04+00:00
BLSH,universe_midcaps_v1,2025-12-20T17:03:04+00:00
BLTE,universe_midcaps_v1,2025-12-20T17:03:04+00:00
BLUW,universe_midcaps_v1,2025-12-20T17:03:04+00:00
BLX,universe_midcaps_v1,2025-12-20T17:03:04+00:00
BLZE,universe_midcaps_v1,2025-12-20T17:03:04+00:00
BLZR,universe_midcaps_v1,2025-12-20T17:03:04+00:00
BMA,universe_midcaps_v1,2025-12-20T17:03:04+00:00
BMBL,universe_midcaps_v1,2025-12-20T17:03:04+00:00
BMEA,universe_midcaps_v1,2025-12-20T17:03:04+00:00
BMHL,universe_midcaps_v1,2025-12-20T17:03:04+00:00
BMI,universe_midcaps_v1,2025-12-20T17:03:04+00:00
BMR,universe_midcaps_v1,2025-12-20T17:03:04+00:00
BMRA,universe_midcaps_v1,2025-12-20T17:03:04+00:00
BMRC,universe_midcaps_v1,2025-12-20T17:03:04+00:00
BNAI,universe_midcaps_v1,2025-12-20T17:03:04+00:00
BNBX,universe_midcaps_v1,2025-12-20T17:03:04+00:00
BNC,universe_midcaps_v1,2025-12-20T17:03:04+00:00
BNED,universe_midcaps_v1,2025-12-20T17:03:04+00:00
BNGO,universe_midcaps_v1,2025-12-20T17:03:04+00:00
BNKK,universe_midcaps_v1,2025-12-20T17:03:04+00:00
BNL,universe_midcaps_v1,2025-12-20T17:03:04+00:00
BNR,universe_midcaps_v1,2025-12-20T17:03:04+00:00
BNTC,universe_midcaps_v1,2025-12-20T17:03:04+00:00
BNZI,universe_midcaps_v1,2025-12-20T17:03:04+00:00
BOC,universe_midcaps_v1,2025-12-20T17:03:04+00:00
BODI,universe_midcaps_v1,2025-12-20T17:03:04+00:00
BOF,universe_midcaps_v1,2025-12-20T17:03:04+00:00
BOH,universe_midcaps_v1,2025-12-20T17:03:04+00:00
BOKF,universe_midcaps_v1,2025-12-20T17:03:04+00:00
BOLD,universe_midcaps_v1,2025-12-20T17:03:04+00:00
BOLT,universe_midcaps_v1,2025-12-20T17:03:04+00:00
BON,universe_midcaps_v1,2025-12-20T17:03:04+00:00
BOOM,universe_midcaps_v1,2025-12-20T17:03:04+00:00
BOOT,universe_midcaps_v1,2025-12-20T17:03:04+00:00
BORR,universe_midcaps_v1,2025-12-20T17:03:04+00:00
BOSC,universe_midcaps_v1,2025-12-20T17:03:04+00:00
BOTJ,universe_midcaps_v1,2025-12-20T17:03:04+00:00
BOW,universe_midcaps_v1,2025-12-20T17:03:04+00:00
BOX,universe_midcaps_v1,2025-12-20T17:03:04+00:00
BPACU,universe_midcaps_v1,2025-12-20T17:03:04+00:00
BPOP,universe_midcaps_v1,2025-12-20T17:03:04+00:00
BPRN,universe_midcaps_v1,2025-12-20T17:03:04+00:00
BQ,universe_midcaps_v1,2025-12-20T17:03:04+00:00
BRAG,universe_midcaps_v1,2025-12-20T17:03:04+00:00
BRBR,universe_midcaps_v1,2025-12-20T17:03:04+00:00
BRBS,universe_midcaps_v1,2025-12-20T17:03:04+00:00
BRC,universe_midcaps_v1,2025-12-20T17:03:04+00:00
BRCB,universe_midcaps_v1,2025-12-20T17:03:04+00:00
BRCC,universe_midcaps_v1,2025-12-20T17:03:04+00:00
BRFH,universe_midcaps_v1,2025-12-20T17:03:04+00:00
BRID,universe_midcaps_v1,2025-12-20T17:03:04+00:00
BRKR,universe_midcaps_v1,2025-12-20T17:03:04+00:00
BRLS,universe_midcaps_v1,2025-12-20T17:03:04+00:00
BRLT,universe_midcaps_v1,2025-12-20T17:03:04+00:00
BRN,universe_midcaps_v1,2025-12-20T17:03:04+00:00
BRR,universe_midcaps_v1,2025-12-20T17:03:04+00:00
BRSL,universe_midcaps_v1,2025-12-20T17:03:04+00:00
BRSP,universe_midcaps_v1,2025-12-20T17:03:04+00:00
BRT,universe_midcaps_v1,2025-12-20T17:03:04+00:00
BRTX,universe_midcaps_v1,2025-12-20T17:03:04+00:00
BRX,universe_midcaps_v1,2025-12-20T17:03:04+00:00
BRY,universe_midcaps_v1,2025-12-20T17:03:04+00:00
BRZE,universe_midcaps_v1,2025-12-20T17:03:04+00:00
BSAA,universe_midcaps_v1,2025-12-20T17:03:04+00:00
BSBK,universe_midcaps_v1,2025-12-20T17:03:04+00:00
BSET,universe_midcaps_v1,2025-12-20T17:03:04+00:00
BSLK,universe_midcaps_v1,2025-12-20T17:03:04+00:00
BSM,universe_midcaps_v1,2025-12-20T17:03:04+00:00
BSRR,universe_midcaps_v1,2025-12-20T17:03:04+00:00
BSVN,universe_midcaps_v1,2025-12-20T17:03:04+00:00
BTAI,universe_midcaps_v1,2025-12-20T17:03:04+00:00
BTBD,universe_midcaps_v1,2025-12-20T17:03:04+00:00
BTBT,universe_midcaps_v1,2025-12-20T17:03:04+00:00
BTCS,universe_midcaps_v1,2025-12-20T17:03:04+00:00
BTCT,universe_midcaps_v1,2025-12-20T17:03:04+00:00
BTDR,universe_midcaps_v1,2025-12-20T17:03:04+00:00
BTE,universe_midcaps_v1,2025-12-20T17:03:04+00:00
BTG,universe_midcaps_v1,2025-12-20T17:03:04+00:00
BTM,universe_midcaps_v1,2025-12-20T17:03:04+00:00
BTMD,universe_midcaps_v1,2025-12-20T17:03:04+00:00
BTQ,universe_midcaps_v1,2025-12-20T17:03:04+00:00
BTSG,universe_midcaps_v1,2025-12-20T17:03:04+00:00
BTTC,universe_midcaps_v1,2025-12-20T17:03:04+00:00
BTU,universe_midcaps_v1,2025-12-20T17:03:04+00:00
BULL,universe_midcaps_v1,2025-12-20T17:03:04+00:00
BUR,universe_midcaps_v1,2025-12-20T17:03:04+00:00
BUSE,universe_midcaps_v1,2025-12-20T17:03:04+00:00
BUUU,universe_midcaps_v1,2025-12-20T17:03:04+00:00
BV,universe_midcaps_v1,2025-12-20T17:03:04+00:00
BVFL,universe_midcaps_v1,2025-12-20T17:03:04+00:00
BVN,universe_midcaps_v1,2025-12-20T17:03:04+00:00
BVS,universe_midcaps_v1,2025-12-20T17:03:04+00:00
BW,universe_midcaps_v1,2025-12-20T17:03:04+00:00
BWA,universe_midcaps_v1,2025-12-20T17:03:04+00:00
BWAY,universe_midcaps_v1,2025-12-20T17:03:04+00:00
BWB,universe_midcaps_v1,2025-12-20T17:03:04+00:00
BWEN,universe_midcaps_v1,2025-12-20T17:03:04+00:00
BWFG,universe_midcaps_v1,2025-12-20T17:03:04+00:00
BWIN,universe_midcaps_v1,2025-12-20T17:03:04+00:00
BWLP,universe_midcaps_v1,2025-12-20T17:03:04+00:00
BWMN,universe_midcaps_v1,2025-12-20T17:03:04+00:00
BWMX,universe_midcaps_v1,2025-12-20T17:03:04+00:00
BXC,universe_midcaps_v1,2025-12-20T17:03:04+00:00
BXMT,universe_midcaps_v1,2025-12-20T17:03:04+00:00
BXSL,universe_midcaps_v1,2025-12-20T17:03:04+00:00
BY,universe_midcaps_v1,2025-12-20T17:03:04+00:00
BYD,universe_midcaps_v1,2025-12-20T17:03:04+00:00
BYFC,universe_midcaps_v1,2025-12-20T17:03:04+00:00
BYND,universe_midcaps_v1,2025-12-20T17:03:04+00:00
BYRN,universe_midcaps_v1,2025-12-20T17:03:04+00:00
BYSI,universe_midcaps_v1,2025-12-20T17:03:04+00:00
BZ,universe_midcaps_v1,2025-12-20T17:03:04+00:00
BZAI,universe_midcaps_v1,2025-12-20T17:03:04+00:00
BZH,universe_midcaps_v1,2025-12-20T17:03:04+00:00
BZUN,universe_midcaps_v1,2025-12-20T17:03:04+00:00
CAAP,universe_midcaps_v1,2025-12-20T17:03:04+00:00
CAAS,universe_midcaps_v1,2025-12-20T17:03:04+00:00
CABA,universe_midcaps_v1,2025-12-20T17:03:04+00:00
CABO,universe_midcaps_v1,2025-12-20T17:03:04+00:00
CAC,universe_midcaps_v1,2025-12-20T17:03:04+00:00
CACC,universe_midcaps_v1,2025-12-20T17:03:04+00:00
CADE,universe_midcaps_v1,2025-12-20T17:03:04+00:00
CADL,universe_midcaps_v1,2025-12-20T17:03:04+00:00
CAE,universe_midcaps_v1,2025-12-20T17:03:04+00:00
CAEP,universe_midcaps_v1,2025-12-20T17:03:04+00:00
CAG,universe_midcaps_v1,2025-12-20T17:03:04+00:00
CAI,universe_midcaps_v1,2025-12-20T17:03:04+00:00
CAKE,universe_midcaps_v1,2025-12-20T17:03:04+00:00
CAL,universe_midcaps_v1,2025-12-20T17:03:04+00:00
CALC,universe_midcaps_v1,2025-12-20T17:03:04+00:00
CALM,universe_midcaps_v1,2025-12-20T17:03:04+00:00
CALX,universe_midcaps_v1,2025-12-20T17:03:04+00:00
CAMP,universe_midcaps_v1,2025-12-20T17:03:04+00:00
CAMT,universe_midcaps_v1,2025-12-20T17:03:04+00:00
CANG,universe_midcaps_v1,2025-12-20T17:03:04+00:00
CAPL,universe_midcaps_v1,2025-12-20T17:03:04+00:00
CAPN,universe_midcaps_v1,2025-12-20T17:03:04+00:00
CAPR,universe_midcaps_v1,2025-12-20T17:03:04+00:00
CAR,universe_midcaps_v1,2025-12-20T17:03:04+00:00
CARE,universe_midcaps_v1,2025-12-20T17:03:04+00:00
CARG,universe_midcaps_v1,2025-12-20T17:03:04+00:00
CARL,universe_midcaps_v1,2025-12-20T17:03:04+00:00
CARS,universe_midcaps_v1,2025-12-20T17:03:04+00:00
CASH,universe_midcaps_v1,2025-12-20T17:03:04+00:00
CASS,universe_midcaps_v1,2025-12-20T17:03:04+00:00
CATO,universe_midcaps_v1,2025-12-20T17:03:04+00:00
CATX,universe_midcaps_v1,2025-12-20T17:03:04+00:00
CATY,universe_midcaps_v1,2025-12-20T17:03:04+00:00
CAVA,universe_midcaps_v1,2025-12-20T17:03:04+00:00
CBAN,universe_midcaps_v1,2025-12-20T17:03:04+00:00
CBC,universe_midcaps_v1,2025-12-20T17:03:04+00:00
CBFV,universe_midcaps_v1,2025-12-20T17:03:04+00:00
CBIO,universe_midcaps_v1,2025-12-20T17:03:04+00:00
CBK,universe_midcaps_v1,2025-12-20T17:03:04+00:00
CBL,universe_midcaps_v1,2025-12-20T17:03:04+00:00
CBLL,universe_midcaps_v1,2025-12-20T17:03:04+00:00
CBNA,universe_midcaps_v1,2025-12-20T17:03:04+00:00
CBNK,universe_midcaps_v1,2025-12-20T17:03:04+00:00
CBRL,universe_midcaps_v1,2025-12-20T17:03:04+00:00
CBSH,universe_midcaps_v1,2025-12-20T17:03:04+00:00
CBT,universe_midcaps_v1,2025-12-20T17:03:04+00:00
CBU,universe_midcaps_v1,2025-12-20T17:03:04+00:00
CBUS,universe_midcaps_v1,2025-12-20T17:03:04+00:00
CBZ,universe_midcaps_v1,2025-12-20T17:03:04+00:00
CC,universe_midcaps_v1,2025-12-20T17:03:04+00:00
CCAP,universe_midcaps_v1,2025-12-20T17:03:04+00:00
CCB,universe_midcaps_v1,2025-12-20T17:03:04+00:00
CCBG,universe_midcaps_v1,2025-12-20T17:03:04+00:00
CCC,universe_midcaps_v1,2025-12-20T17:03:04+00:00
CCCC,universe_midcaps_v1,2025-12-20T17:03:04+00:00
CCCX,universe_midcaps_v1,2025-12-20T17:03:04+00:00
CCEC,universe_midcaps_v1,2025-12-20T17:03:04+00:00
CCEL,universe_midcaps_v1,2025-12-20T17:03:04+00:00
CCII,universe_midcaps_v1,2025-12-20T17:03:04+00:00
CCIX,universe_midcaps_v1,2025-12-20T17:03:04+00:00
CCLD,universe_midcaps_v1,2025-12-20T17:03:04+00:00
CCM,universe_midcaps_v1,2025-12-20T17:03:04+00:00
CCNE,universe_midcaps_v1,2025-12-20T17:03:04+00:00
CCO,universe_midcaps_v1,2025-12-20T17:03:04+00:00
CCOI,universe_midcaps_v1,2025-12-20T17:03:04+00:00
CCRN,universe_midcaps_v1,2025-12-20T17:03:04+00:00
CCS,universe_midcaps_v1,2025-12-20T17:03:04+00:00
CCSI,universe_midcaps_v1,2025-12-20T17:03:04+00:00
CCU,universe_midcaps_v1,2025-12-20T17:03:04+00:00
CCXIU,universe_midcaps_v1,2025-12-20T17:03:04+00:00
CD,universe_midcaps_v1,2025-12-20T17:03:04+00:00
CDIO,universe_midcaps_v1,2025-12-20T17:03:04+00:00
CDLR,universe_midcaps_v1,2025-12-20T17:03:04+00:00
CDLX,universe_midcaps_v1,2025-12-20T17:03:04+00:00
CDNA,universe_midcaps_v1,2025-12-20T17:03:04+00:00
CDP,universe_midcaps_v1,2025-12-20T17:03:04+00:00
CDRE,universe_midcaps_v1,2025-12-20T17:03:04+00:00
CDRO,universe_midcaps_v1,2025-12-20T17:03:04+00:00
CDT,universe_midcaps_v1,2025-12-20T17:03:04+00:00
CDTX,universe_midcaps_v1,2025-12-20T17:03:04+00:00
CDXS,universe_midcaps_v1,2025-12-20T17:03:04+00:00
CDZI,universe_midcaps_v1,2025-12-20T17:03:04+00:00
CE,universe_midcaps_v1,2025-12-20T17:03:04+00:00
CECO,universe_midcaps_v1,2025-12-20T17:03:04+00:00
CEF,universe_midcaps_v1,2025-12-20T17:03:04+00:00
CELC,universe_midcaps_v1,2025-12-20T17:03:04+00:00
CELU,universe_midcaps_v1,2025-12-20T17:03:04+00:00
CELZ,universe_midcaps_v1,2025-12-20T17:03:04+00:00
CENT,universe_midcaps_v1,2025-12-20T17:03:04+00:00
CENTA,universe_midcaps_v1,2025-12-20T17:03:04+00:00
CENX,universe_midcaps_v1,2025-12-20T17:03:04+00:00
CEPF,universe_midcaps_v1,2025-12-20T17:03:04+00:00
CEPO,universe_midcaps_v1,2025-12-20T17:03:04+00:00
CEPT,universe_midcaps_v1,2025-12-20T17:03:04+00:00
CEPU,universe_midcaps_v1,2025-12-20T17:03:04+00:00
CEPV,universe_midcaps_v1,2025-12-20T17:03:04+00:00
CERS,universe_midcaps_v1,2025-12-20T17:03:04+00:00
CERT,universe_midcaps_v1,2025-12-20T17:03:04+00:00
CETX,universe_midcaps_v1,2025-12-20T17:03:04+00:00
CEVA,universe_midcaps_v1,2025-12-20T17:03:04+00:00
CFBK,universe_midcaps_v1,2025-12-20T17:03:04+00:00
CFFI,universe_midcaps_v1,2025-12-20T17:03:04+00:00
CFFN,universe_midcaps_v1,2025-12-20T17:03:04+00:00
CFR,universe_midcaps_v1,2025-12-20T17:03:04+00:00
CGAU,universe_midcaps_v1,2025-12-20T17:03:04+00:00
CGBD,universe_midcaps_v1,2025-12-20T17:03:04+00:00
CGC,universe_midcaps_v1,2025-12-20T17:03:04+00:00
CGCT,universe_midcaps_v1,2025-12-20T17:03:04+00:00
CGEM,universe_midcaps_v1,2025-12-20T17:03:04+00:00
CGEN,universe_midcaps_v1,2025-12-20T17:03:04+00:00
CGNT,universe_midcaps_v1,2025-12-20T17:03:04+00:00
CGNX,universe_midcaps_v1,2025-12-20T17:03:04+00:00
CGON,universe_midcaps_v1,2025-12-20T17:03:04+00:00
CGTL,universe_midcaps_v1,2025-12-20T17:03:04+00:00
CGTX,universe_midcaps_v1,2025-12-20T17:03:04+00:00
CHA,universe_midcaps_v1,2025-12-20T17:03:04+00:00
CHAC,universe_midcaps_v1,2025-12-20T17:03:04+00:00
CHAI,universe_midcaps_v1,2025-12-20T17:03:04+00:00
CHAR,universe_midcaps_v1,2025-12-20T17:03:04+00:00
CHCI,universe_midcaps_v1,2025-12-20T17:03:04+00:00
CHCO,universe_midcaps_v1,2025-12-20T17:03:04+00:00
CHCT,universe_midcaps_v1,2025-12-20T17:03:04+00:00
CHDN,universe_midcaps_v1,2025-12-20T17:03:04+00:00
CHE,universe_midcaps_v1,2025-12-20T17:03:04+00:00
CHEC,universe_midcaps_v1,2025-12-20T17:03:04+00:00
CHEF,universe_midcaps_v1,2025-12-20T17:03:04+00:00
CHH,universe_midcaps_v1,2025-12-20T17:03:04+00:00
CHMG,universe_midcaps_v1,2025-12-20T17:03:04+00:00
CHMI,universe_midcaps_v1,2025-12-20T17:03:04+00:00
CHNR,universe_midcaps_v1,2025-12-20T17:03:04+00:00
CHPG,universe_midcaps_v1,2025-12-20T17:03:04+00:00
CHPT,universe_midcaps_v1,2025-12-20T17:03:04+00:00
CHRD,universe_midcaps_v1,2025-12-20T17:03:04+00:00
CHRS,universe_midcaps_v1,2025-12-20T17:03:04+00:00
CHSN,universe_midcaps_v1,2025-12-20T17:03:04+00:00
CHYM,universe_midcaps_v1,2025-12-20T17:03:04+00:00
CIA,universe_midcaps_v1,2025-12-20T17:03:04+00:00
CIB,universe_midcaps_v1,2025-12-20T17:03:04+00:00
CIFR,universe_midcaps_v1,2025-12-20T17:03:04+00:00
CIG,universe_midcaps_v1,2025-12-20T17:03:04+00:00
CIGI,universe_midcaps_v1,2025-12-20T17:03:04+00:00
CIGL,universe_midcaps_v1,2025-12-20T17:03:04+00:00
CIM,universe_midcaps_v1,2025-12-20T17:03:04+00:00
CING,universe_midcaps_v1,2025-12-20T17:03:04+00:00
CINT,universe_midcaps_v1,2025-12-20T17:03:04+00:00
CIO,universe_midcaps_v1,2025-12-20T17:03:04+00:00
CION,universe_midcaps_v1,2025-12-20T17:03:04+00:00
CITR,universe_midcaps_v1,2025-12-20T17:03:04+00:00
CIVB,universe_midcaps_v1,2025-12-20T17:03:04+00:00
CIVI,universe_midcaps_v1,2025-12-20T17:03:04+00:00
CIX,universe_midcaps_v1,2025-12-20T17:03:04+00:00
CKX,universe_midcaps_v1,2025-12-20T17:03:04+00:00
CLAR,universe_midcaps_v1,2025-12-20T17:03:04+00:00
CLB,universe_midcaps_v1,2025-12-20T17:03:04+00:00
CLBK,universe_midcaps_v1,2025-12-20T17:03:04+00:00
CLBT,universe_midcaps_v1,2025-12-20T17:03:04+00:00
CLCO,universe_midcaps_v1,2025-12-20T17:03:04+00:00
CLDI,universe_midcaps_v1,2025-12-20T17:03:04+00:00
CLDT,universe_midcaps_v1,2025-12-20T17:03:04+00:00
CLDX,universe_midcaps_v1,2025-12-20T17:03:04+00:00
CLF,universe_midcaps_v1,2025-12-20T17:03:04+00:00
CLFD,universe_midcaps_v1,2025-12-20T17:03:04+00:00
CLGN,universe_midcaps_v1,2025-12-20T17:03:04+00:00
CLIK,universe_midcaps_v1,2025-12-20T17:03:04+00:00
CLLS,universe_midcaps_v1,2025-12-20T17:03:04+00:00
CLMB,universe_midcaps_v1,2025-12-20T17:03:04+00:00
CLMT,universe_midcaps_v1,2025-12-20T17:03:04+00:00
CLNE,universe_midcaps_v1,2025-12-20T17:03:04+00:00
CLNN,universe_midcaps_v1,2025-12-20T17:03:04+00:00
CLOV,universe_midcaps_v1,2025-12-20T17:03:04+00:00
CLPR,universe_midcaps_v1,2025-12-20T17:03:04+00:00
CLPT,universe_midcaps_v1,2025-12-20T17:03:04+00:00
CLRB,universe_midcaps_v1,2025-12-20T17:03:04+00:00
CLRO,universe_midcaps_v1,2025-12-20T17:03:04+00:00
CLSK,universe_midcaps_v1,2025-12-20T17:03:04+00:00
CLST,universe_midcaps_v1,2025-12-20T17:03:04+00:00
CLVT,universe_midcaps_v1,2025-12-20T17:03:04+00:00
CLW,universe_midcaps_v1,2025-12-20T17:03:04+00:00
CLWT,universe_midcaps_v1,2025-12-20T17:03:04+00:00
CLYM,universe_midcaps_v1,2025-12-20T17:03:04+00:00
CMBM,universe_midcaps_v1,2025-12-20T17:03:04+00:00
CMBT,universe_midcaps_v1,2025-12-20T17:03:04+00:00
CMC,universe_midcaps_v1,2025-12-20T17:03:04+00:00
CMCL,universe_midcaps_v1,2025-12-20T17:03:04+00:00
CMCM,universe_midcaps_v1,2025-12-20T17:03:04+00:00
CMCO,universe_midcaps_v1,2025-12-20T17:03:04+00:00
CMCT,universe_midcaps_v1,2025-12-20T17:03:04+00:00
CMDB,universe_midcaps_v1,2025-12-20T17:03:04+00:00
CMMB,universe_midcaps_v1,2025-12-20T17:03:04+00:00
CMND,universe_midcaps_v1,2025-12-20T17:03:04+00:00
CMP,universe_midcaps_v1,2025-12-20T17:03:04+00:00
CMPO,universe_midcaps_v1,2025-12-20T17:03:04+00:00
CMPR,universe_midcaps_v1,2025-12-20T17:03:04+00:00
CMPS,universe_midcaps_v1,2025-12-20T17:03:04+00:00
CMPX,universe_midcaps_v1,2025-12-20T17:03:04+00:00
CMRC,universe_midcaps_v1,2025-12-20T17:03:04+00:00
CMRE,universe_midcaps_v1,2025-12-20T17:03:04+00:00
CMT,universe_midcaps_v1,2025-12-20T17:03:04+00:00
CMTG,universe_midcaps_v1,2025-12-20T17:03:04+00:00
CMTL,universe_midcaps_v1,2025-12-20T17:03:04+00:00
CNCK,universe_midcaps_v1,2025-12-20T17:03:04+00:00
CNDT,universe_midcaps_v1,2025-12-20T17:03:04+00:00
CNET,universe_midcaps_v1,2025-12-20T17:03:04+00:00
CNF,universe_midcaps_v1,2025-12-20T17:03:04+00:00
CNK,universe_midcaps_v1,2025-12-20T17:03:04+00:00
CNL,universe_midcaps_v1,2025-12-20T17:03:04+00:00
CNMD,universe_midcaps_v1,2025-12-20T17:03:04+00:00
CNNE,universe_midcaps_v1,2025-12-20T17:03:04+00:00
CNO,universe_midcaps_v1,2025-12-20T17:03:04+00:00
CNOB,universe_midcaps_v1,2025-12-20T17:03:04+00:00
CNR,universe_midcaps_v1,2025-12-20T17:03:04+00:00
CNS,universe_midcaps_v1,2025-12-20T17:03:04+00:00
CNSP,universe_midcaps_v1,2025-12-20T17:03:04+00:00
CNTA,universe_midcaps_v1,2025-12-20T17:03:04+00:00
CNTB,universe_midcaps_v1,2025-12-20T17:03:04+00:00
CNTX,universe_midcaps_v1,2025-12-20T17:03:04+00:00
CNTY,universe_midcaps_v1,2025-12-20T17:03:04+00:00
CNVS,universe_midcaps_v1,2025-12-20T17:03:04+00:00
CNX,universe_midcaps_v1,2025-12-20T17:03:04+00:00
CNXC,universe_midcaps_v1,2025-12-20T17:03:04+00:00
CNXN,universe_midcaps_v1,2025-12-20T17:03:04+00:00
COCO,universe_midcaps_v1,2025-12-20T17:03:04+00:00
CODA,universe_midcaps_v1,2025-12-20T17:03:04+00:00
CODI,universe_midcaps_v1,2025-12-20T17:03:04+00:00
COE,universe_midcaps_v1,2025-12-20T17:03:04+00:00
COEP,universe_midcaps_v1,2025-12-20T17:03:04+00:00
COFS,universe_midcaps_v1,2025-12-20T17:03:04+00:00
COGT,universe_midcaps_v1,2025-12-20T17:03:04+00:00
COHN,universe_midcaps_v1,2025-12-20T17:03:04+00:00
COHU,universe_midcaps_v1,2025-12-20T17:03:04+00:00
COLA,universe_midcaps_v1,2025-12-20T17:03:04+00:00
COLB,universe_midcaps_v1,2025-12-20T17:03:04+00:00
COLD,universe_midcaps_v1,2025-12-20T17:03:04+00:00
COLL,universe_midcaps_v1,2025-12-20T17:03:04+00:00
COLM,universe_midcaps_v1,2025-12-20T17:03:04+00:00
COMM,universe_midcaps_v1,2025-12-20T17:03:04+00:00
COMP,universe_midcaps_v1,2025-12-20T17:03:04+00:00
CON,universe_midcaps_v1,2025-12-20T17:03:04+00:00
COOK,universe_midcaps_v1,2025-12-20T17:03:04+00:00
COPL,universe_midcaps_v1,2025-12-20T17:03:04+00:00
CORT,universe_midcaps_v1,2025-12-20T17:03:04+00:00
CORZ,universe_midcaps_v1,2025-12-20T17:03:04+00:00
COSO,universe_midcaps_v1,2025-12-20T17:03:04+00:00
COTY,universe_midcaps_v1,2025-12-20T17:03:04+00:00
COUR,universe_midcaps_v1,2025-12-20T17:03:04+00:00
COYA,universe_midcaps_v1,2025-12-20T17:03:04+00:00
CPA,universe_midcaps_v1,2025-12-20T17:03:04+00:00
CPAC,universe_midcaps_v1,2025-12-20T17:03:04+00:00
CPB,universe_midcaps_v1,2025-12-20T17:03:04+00:00
CPBI,universe_midcaps_v1,2025-12-20T17:03:04+00:00
CPF,universe_midcaps_v1,2025-12-20T17:03:04+00:00
CPHC,universe_midcaps_v1,2025-12-20T17:03:04+00:00
CPHI,universe_midcaps_v1,2025-12-20T17:03:04+00:00
CPIX,universe_midcaps_v1,2025-12-20T17:03:04+00:00
CPK,universe_midcaps_v1,2025-12-20T17:03:04+00:00
CPRI,universe_midcaps_v1,2025-12-20T17:03:04+00:00
CPRX,universe_midcaps_v1,2025-12-20T17:03:04+00:00
CPS,universe_midcaps_v1,2025-12-20T17:03:04+00:00
CPSH,universe_midcaps_v1,2025-12-20T17:03:04+00:00
CPSS,universe_midcaps_v1,2025-12-20T17:03:04+00:00
CRAC,universe_midcaps_v1,2025-12-20T17:03:04+00:00
CRAI,universe_midcaps_v1,2025-12-20T17:03:04+00:00
CRANU,universe_midcaps_v1,2025-12-20T17:03:04+00:00
CRAQ,universe_midcaps_v1,2025-12-20T17:03:04+00:00
CRBP,universe_midcaps_v1,2025-12-20T17:03:04+00:00
CRBU,universe_midcaps_v1,2025-12-20T17:03:04+00:00
CRC,universe_midcaps_v1,2025-12-20T17:03:04+00:00
CRCT,universe_midcaps_v1,2025-12-20T17:03:04+00:00
CRD-A,universe_midcaps_v1,2025-12-20T17:03:04+00:00
CRD-B,universe_midcaps_v1,2025-12-20T17:03:04+00:00
CRDF,universe_midcaps_v1,2025-12-20T17:03:04+00:00
CRDL,universe_midcaps_v1,2025-12-20T17:03:04+00:00
CRESY,universe_midcaps_v1,2025-12-20T17:03:04+00:00
CREV,universe_midcaps_v1,2025-12-20T17:03:04+00:00
CREX,universe_midcaps_v1,2025-12-20T17:03:04+00:00
CRGO,universe_midcaps_v1,2025-12-20T17:03:04+00:00
CRGY,universe_midcaps_v1,2025-12-20T17:03:04+00:00
CRI,universe_midcaps_v1,2025-12-20T17:03:04+00:00
CRIS,universe_midcaps_v1,2025-12-20T17:03:04+00:00
CRK,universe_midcaps_v1,2025-12-20T17:03:04+00:00
CRL,universe_midcaps_v1,2025-12-20T17:03:04+00:00
CRMD,universe_midcaps_v1,2025-12-20T17:03:04+00:00
CRML,universe_midcaps_v1,2025-12-20T17:03:04+00:00
CRMT,universe_midcaps_v1,2025-12-20T17:03:04+00:00
CRNC,universe_midcaps_v1,2025-12-20T17:03:04+00:00
CRNT,universe_midcaps_v1,2025-12-20T17:03:04+00:00
CRNX,universe_midcaps_v1,2025-12-20T17:03:04+00:00
CRON,universe_midcaps_v1,2025-12-20T17:03:04+00:00
CROX,universe_midcaps_v1,2025-12-20T17:03:04+00:00
CRSP,universe_midcaps_v1,2025-12-20T17:03:04+00:00
CRSR,universe_midcaps_v1,2025-12-20T17:03:04+00:00
CRT,universe_midcaps_v1,2025-12-20T17:03:04+00:00
CRTO,universe_midcaps_v1,2025-12-20T17:03:04+00:00
CRUS,universe_midcaps_v1,2025-12-20T17:03:04+00:00
CRVL,universe_midcaps_v1,2025-12-20T17:03:04+00:00
CRVO,universe_midcaps_v1,2025-12-20T17:03:04+00:00
CRVS,universe_midcaps_v1,2025-12-20T17:03:04+00:00
CRWS,universe_midcaps_v1,2025-12-20T17:03:04+00:00
CSAI,universe_midcaps_v1,2025-12-20T17:03:04+00:00
CSAN,universe_midcaps_v1,2025-12-20T17:03:04+00:00
CSBR,universe_midcaps_v1,2025-12-20T17:03:04+00:00
CSGS,universe_midcaps_v1,2025-12-20T17:03:04+00:00
CSIQ,universe_midcaps_v1,2025-12-20T17:03:04+00:00
CSPI,universe_midcaps_v1,2025-12-20T17:03:04+00:00
CSR,universe_midcaps_v1,2025-12-20T17:03:04+00:00
CSTE,universe_midcaps_v1,2025-12-20T17:03:04+00:00
CSTL,universe_midcaps_v1,2025-12-20T17:03:04+00:00
CSTM,universe_midcaps_v1,2025-12-20T17:03:04+00:00
CSV,universe_midcaps_v1,2025-12-20T17:03:04+00:00
CSW,universe_midcaps_v1,2025-12-20T17:03:04+00:00
CSWC,universe_midcaps_v1,2025-12-20T17:03:04+00:00
CTBI,universe_midcaps_v1,2025-12-20T17:03:04+00:00
CTEV,universe_midcaps_v1,2025-12-20T17:03:04+00:00
CTGO,universe_midcaps_v1,2025-12-20T17:03:04+00:00
CTKB,universe_midcaps_v1,2025-12-20T17:03:04+00:00
CTLP,universe_midcaps_v1,2025-12-20T17:03:04+00:00
CTM,universe_midcaps_v1,2025-12-20T17:03:04+00:00
CTMX,universe_midcaps_v1,2025-12-20T17:03:04+00:00
CTNM,universe_midcaps_v1,2025-12-20T17:03:04+00:00
CTNT,universe_midcaps_v1,2025-12-20T17:03:04+00:00
CTO,universe_midcaps_v1,2025-12-20T17:03:04+00:00
CTOR,universe_midcaps_v1,2025-12-20T17:03:04+00:00
CTOS,universe_midcaps_v1,2025-12-20T17:03:04+00:00
CTRE,universe_midcaps_v1,2025-12-20T17:03:04+00:00
CTRI,universe_midcaps_v1,2025-12-20T17:03:04+00:00
CTRM,universe_midcaps_v1,2025-12-20T17:03:04+00:00
CTRN,universe_midcaps_v1,2025-12-20T17:03:04+00:00
CTS,universe_midcaps_v1,2025-12-20T17:03:04+00:00
CTW,universe_midcaps_v1,2025-12-20T17:03:04+00:00
CTXR,universe_midcaps_v1,2025-12-20T17:03:04+00:00
CUB,universe_midcaps_v1,2025-12-20T17:03:04+00:00
CUBE,universe_midcaps_v1,2025-12-20T17:03:04+00:00
CUBI,universe_midcaps_v1,2025-12-20T17:03:04+00:00
CUK,universe_midcaps_v1,2025-12-20T17:03:04+00:00
CULP,universe_midcaps_v1,2025-12-20T17:03:04+00:00
CURB,universe_midcaps_v1,2025-12-20T17:03:04+00:00
CURI,universe_midcaps_v1,2025-12-20T17:03:04+00:00
CURR,universe_midcaps_v1,2025-12-20T17:03:04+00:00
CURV,universe_midcaps_v1,2025-12-20T17:03:04+00:00
CUZ,universe_midcaps_v1,2025-12-20T17:03:04+00:00
CV,universe_midcaps_v1,2025-12-20T17:03:04+00:00
CVAC,universe_midcaps_v1,2025-12-20T17:03:04+00:00
CVBF,universe_midcaps_v1,2025-12-20T17:03:04+00:00
CVCO,universe_midcaps_v1,2025-12-20T17:03:04+00:00
CVEO,universe_midcaps_v1,2025-12-20T17:03:04+00:00
CVGI,universe_midcaps_v1,2025-12-20T17:03:04+00:00
CVGW,universe_midcaps_v1,2025-12-20T17:03:04+00:00
CVI,universe_midcaps_v1,2025-12-20T17:03:04+00:00
CVKD,universe_midcaps_v1,2025-12-20T17:03:04+00:00
CVLG,universe_midcaps_v1,2025-12-20T17:03:04+00:00
CVLT,universe_midcaps_v1,2025-12-20T17:03:04+00:00
CVM,universe_midcaps_v1,2025-12-20T17:03:04+00:00
CVR,universe_midcaps_v1,2025-12-20T17:03:04+00:00
CVRX,universe_midcaps_v1,2025-12-20T17:03:04+00:00
CVU,universe_midcaps_v1,2025-12-20T17:03:04+00:00
CVV,universe_midcaps_v1,2025-12-20T17:03:04+00:00
CWAN,universe_midcaps_v1,2025-12-20T17:03:04+00:00
CWBC,universe_midcaps_v1,2025-12-20T17:03:04+00:00
CWCO,universe_midcaps_v1,2025-12-20T17:03:04+00:00
CWD,universe_midcaps_v1,2025-12-20T17:03:04+00:00
CWEN,universe_midcaps_v1,2025-12-20T17:03:04+00:00
CWEN-A,universe_midcaps_v1,2025-12-20T17:03:04+00:00
CWH,universe_midcaps_v1,2025-12-20T17:03:04+00:00
CWK,universe_midcaps_v1,2025-12-20T17:03:04+00:00
CWST,universe_midcaps_v1,2025-12-20T17:03:04+00:00
CWT,universe_midcaps_v1,2025-12-20T17:03:04+00:00
CXDO,universe_midcaps_v1,2025-12-20T17:03:04+00:00
CXM,universe_midcaps_v1,2025-12-20T17:03:04+00:00
CXT,universe_midcaps_v1,2025-12-20T17:03:04+00:00
CXW,universe_midcaps_v1,2025-12-20T17:03:04+00:00
CYBN,universe_midcaps_v1,2025-12-20T17:03:04+00:00
CYCN,universe_midcaps_v1,2025-12-20T17:03:04+00:00
CYCU,universe_midcaps_v1,2025-12-20T17:03:04+00:00
CYD,universe_midcaps_v1,2025-12-20T17:03:04+00:00
CYH,universe_midcaps_v1,2025-12-20T17:03:04+00:00
CYN,universe_midcaps_v1,2025-12-20T17:03:04+00:00
CYPH,universe_midcaps_v1,2025-12-20T17:03:04+00:00
CYRX,universe_midcaps_v1,2025-12-20T17:03:04+00:00
CYTK,universe_midcaps_v1,2025-12-20T17:03:04+00:00
CZFS,universe_midcaps_v1,2025-12-20T17:03:04+00:00
CZNC,universe_midcaps_v1,2025-12-20T17:03:04+00:00
CZR,universe_midcaps_v1,2025-12-20T17:03:04+00:00
CZWI,universe_midcaps_v1,2025-12-20T17:03:04+00:00
DAAQ,universe_midcaps_v1,2025-12-20T17:03:04+00:00
DAC,universe_midcaps_v1,2025-12-20T17:03:04+00:00
DAIC,universe_midcaps_v1,2025-12-20T17:03:04+00:00
DAIO,universe_midcaps_v1,2025-12-20T17:03:04+00:00
DAKT,universe_midcaps_v1,2025-12-20T17:03:04+00:00
DAN,universe_midcaps_v1,2025-12-20T17:03:04+00:00
DAO,universe_midcaps_v1,2025-12-20T17:03:04+00:00
DAR,universe_midcaps_v1,2025-12-20T17:03:04+00:00
DARE,universe_midcaps_v1,2025-12-20T17:03:04+00:00
DAVA,universe_midcaps_v1,2025-12-20T17:03:04+00:00
DAVE,universe_midcaps_v1,2025-12-20T17:03:04+00:00
DAWN,universe_midcaps_v1,2025-12-20T17:03:04+00:00
DBD,universe_midcaps_v1,2025-12-20T17:03:04+00:00
DBGI,universe_midcaps_v1,2025-12-20T17:03:04+00:00
DBI,universe_midcaps_v1,2025-12-20T17:03:04+00:00
DBRG,universe_midcaps_v1,2025-12-20T17:03:04+00:00
DBVT,universe_midcaps_v1,2025-12-20T17:03:04+00:00
DBX,universe_midcaps_v1,2025-12-20T17:03:04+00:00
DC,universe_midcaps_v1,2025-12-20T17:03:04+00:00
DCBO,universe_midcaps_v1,2025-12-20T17:03:04+00:00
DCO,universe_midcaps_v1,2025-12-20T17:03:04+00:00
DCOM,universe_midcaps_v1,2025-12-20T17:03:04+00:00
DCTH,universe_midcaps_v1,2025-12-20T17:03:04+00:00
DDC,universe_midcaps_v1,2025-12-20T17:03:04+00:00
DDD,universe_midcaps_v1,2025-12-20T17:03:04+00:00
DDI,universe_midcaps_v1,2025-12-20T17:03:04+00:00
DDL,universe_midcaps_v1,2025-12-20T17:03:04+00:00
DEA,universe_midcaps_v1,2025-12-20T17:03:04+00:00
DEC,universe_midcaps_v1,2025-12-20T17:03:04+00:00
DEFT,universe_midcaps_v1,2025-12-20T17:03:04+00:00
DEI,universe_midcaps_v1,2025-12-20T17:03:04+00:00
DENN,universe_midcaps_v1,2025-12-20T17:03:04+00:00
DERM,universe_midcaps_v1,2025-12-20T17:03:04+00:00
DEVS,universe_midcaps_v1,2025-12-20T17:03:04+00:00
DFDV,universe_midcaps_v1,2025-12-20T17:03:04+00:00
DFH,universe_midcaps_v1,2025-12-20T17:03:04+00:00
DFIN,universe_midcaps_v1,2025-12-20T17:03:04+00:00
DFLI,universe_midcaps_v1,2025-12-20T17:03:04+00:00
DFSC,universe_midcaps_v1,2025-12-20T17:03:04+00:00
DGICA,universe_midcaps_v1,2025-12-20T17:03:04+00:00
DGII,universe_midcaps_v1,2025-12-20T17:03:04+00:00
DGNX,universe_midcaps_v1,2025-12-20T17:03:04+00:00
DGXX,universe_midcaps_v1,2025-12-20T17:03:04+00:00
DH,universe_midcaps_v1,2025-12-20T17:03:04+00:00
DHC,universe_midcaps_v1,2025-12-20T17:03:04+00:00
DHIL,universe_midcaps_v1,2025-12-20T17:03:04+00:00
DHT,universe_midcaps_v1,2025-12-20T17:03:04+00:00
DHX,universe_midcaps_v1,2025-12-20T17:03:04+00:00
DIBS,universe_midcaps_v1,2025-12-20T17:03:04+00:00
DIN,universe_midcaps_v1,2025-12-20T17:03:04+00:00
DINO,universe_midcaps_v1,2025-12-20T17:03:04+00:00
DIOD,universe_midcaps_v1,2025-12-20T17:03:04+00:00
DIT,universe_midcaps_v1,2025-12-20T17:03:04+00:00
DJCO,universe_midcaps_v1,2025-12-20T17:03:04+00:00
DJT,universe_midcaps_v1,2025-12-20T17:03:04+00:00
DK,universe_midcaps_v1,2025-12-20T17:03:04+00:00
DKL,universe_midcaps_v1,2025-12-20T17:03:04+00:00
DLB,universe_midcaps_v1,2025-12-20T17:03:04+00:00
DLHC,universe_midcaps_v1,2025-12-20T17:03:04+00:00
DLNG,universe_midcaps_v1,2025-12-20T17:03:04+00:00
DLO,universe_midcaps_v1,2025-12-20T17:03:04+00:00
DLPN,universe_midcaps_v1,2025-12-20T17:03:04+00:00
DLTH,universe_midcaps_v1,2025-12-20T17:03:04+00:00
DLX,universe_midcaps_v1,2025-12-20T17:03:04+00:00
DMAA,universe_midcaps_v1,2025-12-20T17:03:04+00:00
DMAC,universe_midcaps_v1,2025-12-20T17:03:04+00:00
DMII,universe_midcaps_v1,2025-12-20T17:03:04+00:00
DMLP,universe_midcaps_v1,2025-12-20T17:03:04+00:00
DMRC,universe_midcaps_v1,2025-12-20T17:03:04+00:00
DNA,universe_midcaps_v1,2025-12-20T17:03:04+00:00
DNLI,universe_midcaps_v1,2025-12-20T17:03:04+00:00
DNMX,universe_midcaps_v1,2025-12-20T17:03:04+00:00
DNN,universe_midcaps_v1,2025-12-20T17:03:04+00:00
DNOW,universe_midcaps_v1,2025-12-20T17:03:04+00:00
DNTH,universe_midcaps_v1,2025-12-20T17:03:04+00:00
DNUT,universe_midcaps_v1,2025-12-20T17:03:04+00:00
DOCN,universe_midcaps_v1,2025-12-20T17:03:04+00:00
DOCS,universe_midcaps_v1,2025-12-20T17:03:04+00:00
DOGZ,universe_midcaps_v1,2025-12-20T17:03:04+00:00
DOLE,universe_midcaps_v1,2025-12-20T17:03:04+00:00
DOMH,universe_midcaps_v1,2025-12-20T17:03:04+00:00
DOMO,universe_midcaps_v1,2025-12-20T17:03:04+00:00
DOO,universe_midcaps_v1,2025-12-20T17:03:04+00:00
DORM,universe_midcaps_v1,2025-12-20T17:03:04+00:00
DOUG,universe_midcaps_v1,2025-12-20T17:03:04+00:00
DOX,universe_midcaps_v1,2025-12-20T17:03:04+00:00
DOYU,universe_midcaps_v1,2025-12-20T17:03:04+00:00
DPRO,universe_midcaps_v1,2025-12-20T17:03:04+00:00
DQ,universe_midcaps_v1,2025-12-20T17:03:04+00:00
DRD,universe_midcaps_v1,2025-12-20T17:03:04+00:00
DRDB,universe_midcaps_v1,2025-12-20T17:03:04+00:00
DRH,universe_midcaps_v1,2025-12-20T17:03:04+00:00
DRIO,universe_midcaps_v1,2025-12-20T17:03:04+00:00
DRMA,universe_midcaps_v1,2025-12-20T17:03:04+00:00
DRS,universe_midcaps_v1,2025-12-20T17:03:04+00:00
DRTS,universe_midcaps_v1,2025-12-20T17:03:04+00:00
DRUG,universe_midcaps_v1,2025-12-20T17:03:04+00:00
DRVN,universe_midcaps_v1,2025-12-20T17:03:04+00:00
DSACU,universe_midcaps_v1,2025-12-20T17:03:04+00:00
DSGN,universe_midcaps_v1,2025-12-20T17:03:04+00:00
DSGR,universe_midcaps_v1,2025-12-20T17:03:04+00:00
DSGX,universe_midcaps_v1,2025-12-20T17:03:04+00:00
DSP,universe_midcaps_v1,2025-12-20T17:03:04+00:00
DSWL,universe_midcaps_v1,2025-12-20T17:03:04+00:00
DSX,universe_midcaps_v1,2025-12-20T17:03:04+00:00
DTCX,universe_midcaps_v1,2025-12-20T17:03:04+00:00
DTI,universe_midcaps_v1,2025-12-20T17:03:04+00:00
DTIL,universe_midcaps_v1,2025-12-20T17:03:04+00:00
DTSQ,universe_midcaps_v1,2025-12-20T17:03:04+00:00
DTST,universe_midcaps_v1,2025-12-20T17:03:04+00:00
DUO,universe_midcaps_v1,2025-12-20T17:03:04+00:00
DUOL,universe_midcaps_v1,2025-12-20T17:03:04+00:00
DUOT,universe_midcaps_v1,2025-12-20T17:03:04+00:00
DV,universe_midcaps_v1,2025-12-20T17:03:04+00:00
DVA,universe_midcaps_v1,2025-12-20T17:03:04+00:00
DVAX,universe_midcaps_v1,2025-12-20T17:03:04+00:00
DVS,universe_midcaps_v1,2025-12-20T17:03:04+00:00
DWSN,universe_midcaps_v1,2025-12-20T17:03:04+00:00
DWTX,universe_midcaps_v1,2025-12-20T17:03:04+00:00
DX,universe_midcaps_v1,2025-12-20T17:03:04+00:00
DXC,universe_midcaps_v1,2025-12-20T17:03:04+00:00
DXF,universe_midcaps_v1,2025-12-20T17:03:04+00:00
DXPE,universe_midcaps_v1,2025-12-20T17:03:04+00:00
DXR,universe_midcaps_v1,2025-12-20T17:03:04+00:00
DXST,universe_midcaps_v1,2025-12-20T17:03:04+00:00
DXYZ,universe_midcaps_v1,2025-12-20T17:03:04+00:00
DY,universe_midcaps_v1,2025-12-20T17:03:04+00:00
DYN,universe_midcaps_v1,2025-12-20T17:03:04+00:00
DYOR,universe_midcaps_v1,2025-12-20T17:03:04+00:00
EAF,universe_midcaps_v1,2025-12-20T17:03:04+00:00
EARN,universe_midcaps_v1,2025-12-20T17:03:04+00:00
EAT,universe_midcaps_v1,2025-12-20T17:03:04+00:00
EB,universe_midcaps_v1,2025-12-20T17:03:04+00:00
EBC,universe_midcaps_v1,2025-12-20T17:03:04+00:00
EBF,universe_midcaps_v1,2025-12-20T17:03:04+00:00
EBMT,universe_midcaps_v1,2025-12-20T17:03:04+00:00
EBON,universe_midcaps_v1,2025-12-20T17:03:04+00:00
EBS,universe_midcaps_v1,2025-12-20T17:03:04+00:00
ECBK,universe_midcaps_v1,2025-12-20T17:03:04+00:00
ECG,universe_midcaps_v1,2025-12-20T17:03:04+00:00
ECO,universe_midcaps_v1,2025-12-20T17:03:04+00:00
ECOR,universe_midcaps_v1,2025-12-20T17:03:04+00:00
ECPG,universe_midcaps_v1,2025-12-20T17:03:04+00:00
ECVT,universe_midcaps_v1,2025-12-20T17:03:04+00:00
ECX,universe_midcaps_v1,2025-12-20T17:03:04+00:00
EDAP,universe_midcaps_v1,2025-12-20T17:03:04+00:00
EDBL,universe_midcaps_v1,2025-12-20T17:03:04+00:00
EDIT,universe_midcaps_v1,2025-12-20T17:03:04+00:00
EDN,universe_midcaps_v1,2025-12-20T17:03:04+00:00
EDRY,universe_midcaps_v1,2025-12-20T17:03:04+00:00
EDSA,universe_midcaps_v1,2025-12-20T17:03:04+00:00
EDU,universe_midcaps_v1,2025-12-20T17:03:04+00:00
EDUC,universe_midcaps_v1,2025-12-20T17:03:04+00:00
EE,universe_midcaps_v1,2025-12-20T17:03:04+00:00
EEFT,universe_midcaps_v1,2025-12-20T17:03:04+00:00
EEX,universe_midcaps_v1,2025-12-20T17:03:04+00:00
EFC,universe_midcaps_v1,2025-12-20T17:03:04+00:00
EFOI,universe_midcaps_v1,2025-12-20T17:03:04+00:00
EFSC,universe_midcaps_v1,2025-12-20T17:03:04+00:00
EFSI,universe_midcaps_v1,2025-12-20T17:03:04+00:00
EFXT,universe_midcaps_v1,2025-12-20T17:03:04+00:00
EGAN,universe_midcaps_v1,2025-12-20T17:03:04+00:00
EGBN,universe_midcaps_v1,2025-12-20T17:03:04+00:00
EGG,universe_midcaps_v1,2025-12-20T17:03:04+00:00
EGHA,universe_midcaps_v1,2025-12-20T17:03:04+00:00
EGHT,universe_midcaps_v1,2025-12-20T17:03:04+00:00
EGO,universe_midcaps_v1,2025-12-20T17:03:04+00:00
EGP,universe_midcaps_v1,2025-12-20T17:03:04+00:00
EGY,universe_midcaps_v1,2025-12-20T17:03:04+00:00
EH,universe_midcaps_v1,2025-12-20T17:03:04+00:00
EHAB,universe_midcaps_v1,2025-12-20T17:03:04+00:00
EHLD,universe_midcaps_v1,2025-12-20T17:03:04+00:00
EHTH,universe_midcaps_v1,2025-12-20T17:03:04+00:00
EIG,universe_midcaps_v1,2025-12-20T17:03:04+00:00
EKSO,universe_midcaps_v1,2025-12-20T17:03:04+00:00
ELA,universe_midcaps_v1,2025-12-20T17:03:04+00:00
ELAB,universe_midcaps_v1,2025-12-20T17:03:04+00:00
ELDN,universe_midcaps_v1,2025-12-20T17:03:04+00:00
ELE,universe_midcaps_v1,2025-12-20T17:03:04+00:00
ELF,universe_midcaps_v1,2025-12-20T17:03:04+00:00
ELLO,universe_midcaps_v1,2025-12-20T17:03:04+00:00
ELMD,universe_midcaps_v1,2025-12-20T17:03:04+00:00
ELME,universe_midcaps_v1,2025-12-20T17:03:04+00:00
ELOG,universe_midcaps_v1,2025-12-20T17:03:04+00:00
ELP,universe_midcaps_v1,2025-12-20T17:03:04+00:00
ELSE,universe_midcaps_v1,2025-12-20T17:03:04+00:00
ELTK,universe_midcaps_v1,2025-12-20T17:03:04+00:00
ELTX,universe_midcaps_v1,2025-12-20T17:03:04+00:00
ELVA,universe_midcaps_v1,2025-12-20T17:03:04+00:00
ELVN,universe_midcaps_v1,2025-12-20T17:03:04+00:00
ELVR,universe_midcaps_v1,2025-12-20T17:03:04+00:00
ELWS,universe_midcaps_v1,2025-12-20T17:03:04+00:00
ELWT,universe_midcaps_v1,2025-12-20T17:03:04+00:00
EM,universe_midcaps_v1,2025-12-20T17:03:04+00:00
EMBC,universe_midcaps_v1,2025-12-20T17:03:04+00:00
EMIS,universe_midcaps_v1,2025-12-20T17:03:04+00:00
EML,universe_midcaps_v1,2025-12-20T17:03:04+00:00
EMN,universe_midcaps_v1,2025-12-20T17:03:04+00:00
EMPD,universe_midcaps_v1,2025-12-20T17:03:04+00:00
ENGN,universe_midcaps_v1,2025-12-20T17:03:04+00:00
ENIC,universe_midcaps_v1,2025-12-20T17:03:04+00:00
ENLT,universe_midcaps_v1,2025-12-20T17:03:04+00:00
ENOV,universe_midcaps_v1,2025-12-20T17:03:04+00:00
ENPH,universe_midcaps_v1,2025-12-20T17:03:04+00:00
ENR,universe_midcaps_v1,2025-12-20T17:03:04+00:00
ENS,universe_midcaps_v1,2025-12-20T17:03:04+00:00
ENSC,universe_midcaps_v1,2025-12-20T17:03:04+00:00
ENTA,universe_midcaps_v1,2025-12-20T17:03:04+00:00
ENTX,universe_midcaps_v1,2025-12-20T17:03:04+00:00
ENVA,universe_midcaps_v1,2025-12-20T17:03:04+00:00
ENVB,universe_midcaps_v1,2025-12-20T17:03:04+00:00
ENVX,universe_midcaps_v1,2025-12-20T17:03:04+00:00
EOLS,universe_midcaps_v1,2025-12-20T17:03:04+00:00
EOSE,universe_midcaps_v1,2025-12-20T17:03:04+00:00
EP,universe_midcaps_v1,2025-12-20T17:03:04+00:00
EPAC,universe_midcaps_v1,2025-12-20T17:03:04+00:00
EPC,universe_midcaps_v1,2025-12-20T17:03:04+00:00
EPM,universe_midcaps_v1,2025-12-20T17:03:04+00:00
EPR,universe_midcaps_v1,2025-12-20T17:03:04+00:00
EPRT,universe_midcaps_v1,2025-12-20T17:03:04+00:00
EPRX,universe_midcaps_v1,2025-12-20T17:03:04+00:00
EPSM,universe_midcaps_v1,2025-12-20T17:03:04+00:00
EPSN,universe_midcaps_v1,2025-12-20T17:03:04+00:00
EQ,universe_midcaps_v1,2025-12-20T17:03:04+00:00
EQBK,universe_midcaps_v1,2025-12-20T17:03:04+00:00
EQS,universe_midcaps_v1,2025-12-20T17:03:04+00:00
ERAS,universe_midcaps_v1,2025-12-20T17:03:04+00:00
ERII,universe_midcaps_v1,2025-12-20T17:03:04+00:00
ERNA,universe_midcaps_v1,2025-12-20T17:03:04+00:00
ERO,universe_midcaps_v1,2025-12-20T17:03:04+00:00
ESAB,universe_midcaps_v1,2025-12-20T17:03:04+00:00
ESBA,universe_midcaps_v1,2025-12-20T17:03:04+00:00
ESCA,universe_midcaps_v1,2025-12-20T17:03:04+00:00
ESE,universe_midcaps_v1,2025-12-20T17:03:04+00:00
ESEA,universe_midcaps_v1,2025-12-20T17:03:04+00:00
ESGL,universe_midcaps_v1,2025-12-20T17:03:04+00:00
ESHA,universe_midcaps_v1,2025-12-20T17:03:04+00:00
ESI,universe_midcaps_v1,2025-12-20T17:03:04+00:00
ESLA,universe_midcaps_v1,2025-12-20T17:03:04+00:00
ESNT,universe_midcaps_v1,2025-12-20T17:03:04+00:00
ESOA,universe_midcaps_v1,2025-12-20T17:03:04+00:00
ESP,universe_midcaps_v1,2025-12-20T17:03:04+00:00
ESPR,universe_midcaps_v1,2025-12-20T17:03:04+00:00
ESQ,universe_midcaps_v1,2025-12-20T17:03:04+00:00
ESRT,universe_midcaps_v1,2025-12-20T17:03:04+00:00
ESTA,universe_midcaps_v1,2025-12-20T17:03:04+00:00
ESTC,universe_midcaps_v1,2025-12-20T17:03:04+00:00
ETD,universe_midcaps_v1,2025-12-20T17:03:04+00:00
ETHM,universe_midcaps_v1,2025-12-20T17:03:04+00:00
ETHZ,universe_midcaps_v1,2025-12-20T17:03:04+00:00
ETON,universe_midcaps_v1,2025-12-20T17:03:04+00:00
ETOR,universe_midcaps_v1,2025-12-20T17:03:04+00:00
ETSY,universe_midcaps_v1,2025-12-20T17:03:04+00:00
EU,universe_midcaps_v1,2025-12-20T17:03:04+00:00
EUDA,universe_midcaps_v1,2025-12-20T17:03:04+00:00
EURK,universe_midcaps_v1,2025-12-20T17:03:04+00:00
EVAC,universe_midcaps_v1,2025-12-20T17:03:04+00:00
EVAX,universe_midcaps_v1,2025-12-20T17:03:04+00:00
EVC,universe_midcaps_v1,2025-12-20T17:03:04+00:00
EVCM,universe_midcaps_v1,2025-12-20T17:03:04+00:00
EVER,universe_midcaps_v1,2025-12-20T17:03:04+00:00
EVEX,universe_midcaps_v1,2025-12-20T17:03:04+00:00
EVGN,universe_midcaps_v1,2025-12-20T17:03:04+00:00
EVGO,universe_midcaps_v1,2025-12-20T17:03:04+00:00
EVH,universe_midcaps_v1,2025-12-20T17:03:04+00:00
EVI,universe_midcaps_v1,2025-12-20T17:03:04+00:00
EVLV,universe_midcaps_v1,2025-12-20T17:03:04+00:00
EVMN,universe_midcaps_v1,2025-12-20T17:03:04+00:00
EVO,universe_midcaps_v1,2025-12-20T17:03:04+00:00
EVOK,universe_midcaps_v1,2025-12-20T17:03:04+00:00
EVOX,universe_midcaps_v1,2025-12-20T17:03:04+00:00
EVTC,universe_midcaps_v1,2025-12-20T17:03:04+00:00
EVTL,universe_midcaps_v1,2025-12-20T17:03:04+00:00
EWCZ,universe_midcaps_v1,2025-12-20T17:03:04+00:00
EWTX,universe_midcaps_v1,2025-12-20T17:03:04+00:00
EXFY,universe_midcaps_v1,2025-12-20T17:03:04+00:00
EXK,universe_midcaps_v1,2025-12-20T17:03:04+00:00
EXLS,universe_midcaps_v1,2025-12-20T17:03:04+00:00
EXOD,universe_midcaps_v1,2025-12-20T17:03:04+00:00
EXOZ,universe_midcaps_v1,2025-12-20T17:03:04+00:00
EXP,universe_midcaps_v1,2025-12-20T17:03:04+00:00
EXPI,universe_midcaps_v1,2025-12-20T17:03:04+00:00
EXPO,universe_midcaps_v1,2025-12-20T17:03:04+00:00
EXTR,universe_midcaps_v1,2025-12-20T17:03:04+00:00
EYE,universe_midcaps_v1,2025-12-20T17:03:04+00:00
EYPT,universe_midcaps_v1,2025-12-20T17:03:04+00:00
EZGO,universe_midcaps_v1,2025-12-20T17:03:04+00:00
EZPW,universe_midcaps_v1,2025-12-20T17:03:04+00:00
FA,universe_midcaps_v1,2025-12-20T17:03:04+00:00
FACT,universe_midcaps_v1,2025-12-20T17:03:04+00:00
FAF,universe_midcaps_v1,2025-12-20T17:03:04+00:00
FAMI,universe_midcaps_v1,2025-12-20T17:03:04+00:00
FARM,universe_midcaps_v1,2025-12-20T17:03:04+00:00
FATE,universe_midcaps_v1,2025-12-20T17:03:04+00:00
FATN,universe_midcaps_v1,2025-12-20T17:03:04+00:00
FBIN,universe_midcaps_v1,2025-12-20T17:03:04+00:00
FBIO,universe_midcaps_v1,2025-12-20T17:03:04+00:00
FBIZ,universe_midcaps_v1,2025-12-20T17:03:04+00:00
FBK,universe_midcaps_v1,2025-12-20T17:03:04+00:00
FBLA,universe_midcaps_v1,2025-12-20T17:03:04+00:00
FBNC,universe_midcaps_v1,2025-12-20T17:03:04+00:00
FBP,universe_midcaps_v1,2025-12-20T17:03:04+00:00
FBRT,universe_midcaps_v1,2025-12-20T17:03:04+00:00
FBRX,universe_midcaps_v1,2025-12-20T17:03:04+00:00
FBYD,universe_midcaps_v1,2025-12-20T17:03:04+00:00
FC,universe_midcaps_v1,2025-12-20T17:03:04+00:00
FCAP,universe_midcaps_v1,2025-12-20T17:03:04+00:00
FCBC,universe_midcaps_v1,2025-12-20T17:03:04+00:00
FCCO,universe_midcaps_v1,2025-12-20T17:03:04+00:00
FCEL,universe_midcaps_v1,2025-12-20T17:03:04+00:00
FCF,universe_midcaps_v1,2025-12-20T17:03:04+00:00
FCFS,universe_midcaps_v1,2025-12-20T17:03:04+00:00
FCN,universe_midcaps_v1,2025-12-20T17:03:04+00:00
FCPT,universe_midcaps_v1,2025-12-20T17:03:04+00:00
FCRS,universe_midcaps_v1,2025-12-20T17:03:04+00:00
FCUV,universe_midcaps_v1,2025-12-20T17:03:04+00:00
FDBC,universe_midcaps_v1,2025-12-20T17:03:04+00:00
FDMT,universe_midcaps_v1,2025-12-20T17:03:04+00:00
FDP,universe_midcaps_v1,2025-12-20T17:03:04+00:00
FDSB,universe_midcaps_v1,2025-12-20T17:03:04+00:00
FDUS,universe_midcaps_v1,2025-12-20T17:03:04+00:00
FEAM,universe_midcaps_v1,2025-12-20T17:03:04+00:00
FEBO,universe_midcaps_v1,2025-12-20T17:03:04+00:00
FEDU,universe_midcaps_v1,2025-12-20T17:03:04+00:00
FEED,universe_midcaps_v1,2025-12-20T17:03:04+00:00
FEIM,universe_midcaps_v1,2025-12-20T17:03:04+00:00
FELE,universe_midcaps_v1,2025-12-20T17:03:04+00:00
FENC,universe_midcaps_v1,2025-12-20T17:03:04+00:00
FENG,universe_midcaps_v1,2025-12-20T17:03:04+00:00
FERA,universe_midcaps_v1,2025-12-20T17:03:04+00:00
FET,universe_midcaps_v1,2025-12-20T17:03:04+00:00
FF,universe_midcaps_v1,2025-12-20T17:03:04+00:00
FFAI,universe_midcaps_v1,2025-12-20T17:03:04+00:00
FFBC,universe_midcaps_v1,2025-12-20T17:03:04+00:00
FFIC,universe_midcaps_v1,2025-12-20T17:03:04+00:00
FFIN,universe_midcaps_v1,2025-12-20T17:03:04+00:00
FFWM,universe_midcaps_v1,2025-12-20T17:03:04+00:00
FG,universe_midcaps_v1,2025-12-20T17:03:04+00:00
FGBI,universe_midcaps_v1,2025-12-20T17:03:04+00:00
FGEN,universe_midcaps_v1,2025-12-20T17:03:04+00:00
FGI,universe_midcaps_v1,2025-12-20T17:03:04+00:00
FGMC,universe_midcaps_v1,2025-12-20T17:03:04+00:00
FGNX,universe_midcaps_v1,2025-12-20T17:03:04+00:00
FHB,universe_midcaps_v1,2025-12-20T17:03:04+00:00
FHI,universe_midcaps_v1,2025-12-20T17:03:04+00:00
FHTX,universe_midcaps_v1,2025-12-20T17:03:04+00:00
FIBK,universe_midcaps_v1,2025-12-20T17:03:04+00:00
FIEE,universe_midcaps_v1,2025-12-20T17:03:04+00:00
FIGR,universe_midcaps_v1,2025-12-20T17:03:04+00:00
FIGS,universe_midcaps_v1,2025-12-20T17:03:04+00:00
FIGX,universe_midcaps_v1,2025-12-20T17:03:04+00:00
FIHL,universe_midcaps_v1,2025-12-20T17:03:04+00:00
FINV,universe_midcaps_v1,2025-12-20T17:03:04+00:00
FINW,universe_midcaps_v1,2025-12-20T17:03:04+00:00
FIP,universe_midcaps_v1,2025-12-20T17:03:04+00:00
FISI,universe_midcaps_v1,2025-12-20T17:03:04+00:00
FIVN,universe_midcaps_v1,2025-12-20T17:03:04+00:00
FIZZ,universe_midcaps_v1,2025-12-20T17:03:04+00:00
FKWL,universe_midcaps_v1,2025-12-20T17:03:04+00:00
FLD,universe_midcaps_v1,2025-12-20T17:03:04+00:00
FLG,universe_midcaps_v1,2025-12-20T17:03:04+00:00
FLGC,universe_midcaps_v1,2025-12-20T17:03:04+00:00
FLGT,universe_midcaps_v1,2025-12-20T17:03:04+00:00
FLL,universe_midcaps_v1,2025-12-20T17:03:04+00:00
FLNC,universe_midcaps_v1,2025-12-20T17:03:04+00:00
FLNG,universe_midcaps_v1,2025-12-20T17:03:04+00:00
FLNT,universe_midcaps_v1,2025-12-20T17:03:04+00:00
FLO,universe_midcaps_v1,2025-12-20T17:03:04+00:00
FLOC,universe_midcaps_v1,2025-12-20T17:03:04+00:00
FLR,universe_midcaps_v1,2025-12-20T17:03:04+00:00
FLS,universe_midcaps_v1,2025-12-20T17:03:04+00:00
FLUX,universe_midcaps_v1,2025-12-20T17:03:04+00:00
FLWS,universe_midcaps_v1,2025-12-20T17:03:04+00:00
FLX,universe_midcaps_v1,2025-12-20T17:03:04+00:00
FLXS,universe_midcaps_v1,2025-12-20T17:03:04+00:00
FLY,universe_midcaps_v1,2025-12-20T17:03:04+00:00
FLYE,universe_midcaps_v1,2025-12-20T17:03:04+00:00
FLYW,universe_midcaps_v1,2025-12-20T17:03:04+00:00
FLYX,universe_midcaps_v1,2025-12-20T17:03:04+00:00
FMAO,universe_midcaps_v1,2025-12-20T17:03:04+00:00
FMBH,universe_midcaps_v1,2025-12-20T17:03:04+00:00
FMC,universe_midcaps_v1,2025-12-20T17:03:04+00:00
FMNB,universe_midcaps_v1,2025-12-20T17:03:04+00:00
FMST,universe_midcaps_v1,2025-12-20T17:03:04+00:00
FNB,universe_midcaps_v1,2025-12-20T17:03:04+00:00
FND,universe_midcaps_v1,2025-12-20T17:03:04+00:00
FNGR,universe_midcaps_v1,2025-12-20T17:03:04+00:00
FNKO,universe_midcaps_v1,2025-12-20T17:03:04+00:00
FNLC,universe_midcaps_v1,2025-12-20T17:03:04+00:00
FNWB,universe_midcaps_v1,2025-12-20T17:03:04+00:00
FNWD,universe_midcaps_v1,2025-12-20T17:03:04+00:00
FOA,universe_midcaps_v1,2025-12-20T17:03:04+00:00
FOLD,universe_midcaps_v1,2025-12-20T17:03:04+00:00
FONR,universe_midcaps_v1,2025-12-20T17:03:04+00:00
FOR,universe_midcaps_v1,2025-12-20T17:03:04+00:00
FORA,universe_midcaps_v1,2025-12-20T17:03:04+00:00
FORM,universe_midcaps_v1,2025-12-20T17:03:04+00:00
FORR,universe_midcaps_v1,2025-12-20T17:03:04+00:00
FORTY,universe_midcaps_v1,2025-12-20T17:03:04+00:00
FOSL,universe_midcaps_v1,2025-12-20T17:03:04+00:00
FOUR,universe_midcaps_v1,2025-12-20T17:03:04+00:00
FOXF,universe_midcaps_v1,2025-12-20T17:03:04+00:00
FOXX,universe_midcaps_v1,2025-12-20T17:03:04+00:00
FPH,universe_midcaps_v1,2025-12-20T17:03:04+00:00
FPI,universe_midcaps_v1,2025-12-20T17:03:04+00:00
FR,universe_midcaps_v1,2025-12-20T17:03:04+00:00
FRAF,universe_midcaps_v1,2025-12-20T17:03:04+00:00
FRBA,universe_midcaps_v1,2025-12-20T17:03:04+00:00
FRD,universe_midcaps_v1,2025-12-20T17:03:04+00:00
FRGE,universe_midcaps_v1,2025-12-20T17:03:04+00:00
FRGT,universe_midcaps_v1,2025-12-20T17:03:04+00:00
FRHC,universe_midcaps_v1,2025-12-20T17:03:04+00:00
FRME,universe_midcaps_v1,2025-12-20T17:03:04+00:00
FRMI,universe_midcaps_v1,2025-12-20T17:03:04+00:00
FRO,universe_midcaps_v1,2025-12-20T17:03:04+00:00
FROG,universe_midcaps_v1,2025-12-20T17:03:04+00:00
FRPH,universe_midcaps_v1,2025-12-20T17:03:04+00:00
FRPT,universe_midcaps_v1,2025-12-20T17:03:04+00:00
FRSH,universe_midcaps_v1,2025-12-20T17:03:04+00:00
FRST,universe_midcaps_v1,2025-12-20T17:03:04+00:00
FRSX,universe_midcaps_v1,2025-12-20T17:03:04+00:00
FRT,universe_midcaps_v1,2025-12-20T17:03:04+00:00
FSBC,universe_midcaps_v1,2025-12-20T17:03:04+00:00
FSBW,universe_midcaps_v1,2025-12-20T17:03:04+00:00
FSEA,universe_midcaps_v1,2025-12-20T17:03:04+00:00
FSFG,universe_midcaps_v1,2025-12-20T17:03:04+00:00
FSHP,universe_midcaps_v1,2025-12-20T17:03:04+00:00
FSI,universe_midcaps_v1,2025-12-20T17:03:04+00:00
FSK,universe_midcaps_v1,2025-12-20T17:03:04+00:00
FSLY,universe_midcaps_v1,2025-12-20T17:03:04+00:00
FSM,universe_midcaps_v1,2025-12-20T17:03:04+00:00
FSS,universe_midcaps_v1,2025-12-20T17:03:04+00:00
FSTR,universe_midcaps_v1,2025-12-20T17:03:04+00:00
FSUN,universe_midcaps_v1,2025-12-20T17:03:04+00:00
FSV,universe_midcaps_v1,2025-12-20T17:03:04+00:00
FTCI,universe_midcaps_v1,2025-12-20T17:03:04+00:00
FTDR,universe_midcaps_v1,2025-12-20T17:03:04+00:00
FTEK,universe_midcaps_v1,2025-12-20T17:03:04+00:00
FTHM,universe_midcaps_v1,2025-12-20T17:03:04+00:00
FTK,universe_midcaps_v1,2025-12-20T17:03:04+00:00
FTLF,universe_midcaps_v1,2025-12-20T17:03:04+00:00
FTRE,universe_midcaps_v1,2025-12-20T17:03:04+00:00
FTW,universe_midcaps_v1,2025-12-20T17:03:04+00:00
FUBO,universe_midcaps_v1,2025-12-20T17:03:04+00:00
FUFU,universe_midcaps_v1,2025-12-20T17:03:04+00:00
FUL,universe_midcaps_v1,2025-12-20T17:03:04+00:00
FULC,universe_midcaps_v1,2025-12-20T17:03:04+00:00
FULT,universe_midcaps_v1,2025-12-20T17:03:04+00:00
FUN,universe_midcaps_v1,2025-12-20T17:03:04+00:00
FUNC,universe_midcaps_v1,2025-12-20T17:03:04+00:00
FUSB,universe_midcaps_v1,2025-12-20T17:03:04+00:00
FUSE,universe_midcaps_v1,2025-12-20T17:03:04+00:00
FVCB,universe_midcaps_v1,2025-12-20T17:03:04+00:00
FVN,universe_midcaps_v1,2025-12-20T17:03:04+00:00
FVR,universe_midcaps_v1,2025-12-20T17:03:04+00:00
FVRR,universe_midcaps_v1,2025-12-20T17:03:04+00:00
FWDI,universe_midcaps_v1,2025-12-20T17:03:04+00:00
FWRD,universe_midcaps_v1,2025-12-20T17:03:04+00:00
FWRG,universe_midcaps_v1,2025-12-20T17:03:04+00:00
FXNC,universe_midcaps_v1,2025-12-20T17:03:04+00:00
FYBR,universe_midcaps_v1,2025-12-20T17:03:04+00:00
G,universe_midcaps_v1,2025-12-20T17:03:04+00:00
GABC,universe_midcaps_v1,2025-12-20T17:03:04+00:00
GAIA,universe_midcaps_v1,2025-12-20T17:03:04+00:00
GAIN,universe_midcaps_v1,2025-12-20T17:03:04+00:00
GALT,universe_midcaps_v1,2025-12-20T17:03:04+00:00
GAMB,universe_midcaps_v1,2025-12-20T17:03:04+00:00
GANX,universe_midcaps_v1,2025-12-20T17:03:04+00:00
GASS,universe_midcaps_v1,2025-12-20T17:03:04+00:00
GATX,universe_midcaps_v1,2025-12-20T17:03:04+00:00
GAU,universe_midcaps_v1,2025-12-20T17:03:04+00:00
GAUZ,universe_midcaps_v1,2025-12-20T17:03:04+00:00
GBCI,universe_midcaps_v1,2025-12-20T17:03:04+00:00
GBDC,universe_midcaps_v1,2025-12-20T17:03:04+00:00
GBFH,universe_midcaps_v1,2025-12-20T17:03:04+00:00
GBIO,universe_midcaps_v1,2025-12-20T17:03:04+00:00
GBLI,universe_midcaps_v1,2025-12-20T17:03:04+00:00
GBTG,universe_midcaps_v1,2025-12-20T17:03:04+00:00
GBX,universe_midcaps_v1,2025-12-20T17:03:04+00:00
GCBC,universe_midcaps_v1,2025-12-20T17:03:04+00:00
GCL,universe_midcaps_v1,2025-12-20T17:03:04+00:00
GCMG,universe_midcaps_v1,2025-12-20T17:03:04+00:00
GCO,universe_midcaps_v1,2025-12-20T17:03:04+00:00
GCT,universe_midcaps_v1,2025-12-20T17:03:04+00:00
GCTK,universe_midcaps_v1,2025-12-20T17:03:04+00:00
GCTS,universe_midcaps_v1,2025-12-20T17:03:04+00:00
GDC,universe_midcaps_v1,2025-12-20T17:03:04+00:00
GDEN,universe_midcaps_v1,2025-12-20T17:03:04+00:00
GDEV,universe_midcaps_v1,2025-12-20T17:03:04+00:00
GDHG,universe_midcaps_v1,2025-12-20T17:03:04+00:00
GDOT,universe_midcaps_v1,2025-12-20T17:03:04+00:00
GDRX,universe_midcaps_v1,2025-12-20T17:03:04+00:00
GDS,universe_midcaps_v1,2025-12-20T17:03:04+00:00
GDTC,universe_midcaps_v1,2025-12-20T17:03:04+00:00
GDYN,universe_midcaps_v1,2025-12-20T17:03:04+00:00
GECC,universe_midcaps_v1,2025-12-20T17:03:04+00:00
GEF,universe_midcaps_v1,2025-12-20T17:03:04+00:00
GEG,universe_midcaps_v1,2025-12-20T17:03:04+00:00
GEL,universe_midcaps_v1,2025-12-20T17:03:04+00:00
GEMI,universe_midcaps_v1,2025-12-20T17:03:04+00:00
GENC,universe_midcaps_v1,2025-12-20T17:03:04+00:00
GENI,universe_midcaps_v1,2025-12-20T17:03:04+00:00
GENK,universe_midcaps_v1,2025-12-20T17:03:04+00:00
GEO,universe_midcaps_v1,2025-12-20T17:03:04+00:00
GEOS,universe_midcaps_v1,2025-12-20T17:03:04+00:00
GERN,universe_midcaps_v1,2025-12-20T17:03:04+00:00
GES,universe_midcaps_v1,2025-12-20T17:03:04+00:00
GETY,universe_midcaps_v1,2025-12-20T17:03:04+00:00
GEVO,universe_midcaps_v1,2025-12-20T17:03:04+00:00
GFF,universe_midcaps_v1,2025-12-20T17:03:04+00:00
GFR,universe_midcaps_v1,2025-12-20T17:03:04+00:00
GGAL,universe_midcaps_v1,2025-12-20T17:03:04+00:00
GGB,universe_midcaps_v1,2025-12-20T17:03:04+00:00
GGR,universe_midcaps_v1,2025-12-20T17:03:04+00:00
GHC,universe_midcaps_v1,2025-12-20T17:03:04+00:00
GHG,universe_midcaps_v1,2025-12-20T17:03:04+00:00
GHI,universe_midcaps_v1,2025-12-20T17:03:04+00:00
GHM,universe_midcaps_v1,2025-12-20T17:03:04+00:00
GHRS,universe_midcaps_v1,2025-12-20T17:03:04+00:00
GIBO,universe_midcaps_v1,2025-12-20T17:03:04+00:00
GIC,universe_midcaps_v1,2025-12-20T17:03:04+00:00
GIFI,universe_midcaps_v1,2025-12-20T17:03:04+00:00
GIFT,universe_midcaps_v1,2025-12-20T17:03:04+00:00
GIG,universe_midcaps_v1,2025-12-20T17:03:04+00:00
GIGM,universe_midcaps_v1,2025-12-20T17:03:04+00:00
GIII,universe_midcaps_v1,2025-12-20T17:03:04+00:00
GILT,universe_midcaps_v1,2025-12-20T17:03:04+00:00
GIW,universe_midcaps_v1,2025-12-20T17:03:04+00:00
GKOS,universe_midcaps_v1,2025-12-20T17:03:04+00:00
GLBE,universe_midcaps_v1,2025-12-20T17:03:04+00:00
GLBS,universe_midcaps_v1,2025-12-20T17:03:04+00:00
GLBZ,universe_midcaps_v1,2025-12-20T17:03:04+00:00
GLDD,universe_midcaps_v1,2025-12-20T17:03:04+00:00
GLDG,universe_midcaps_v1,2025-12-20T17:03:04+00:00
GLIBA,universe_midcaps_v1,2025-12-20T17:03:04+00:00
GLIBK,universe_midcaps_v1,2025-12-20T17:03:04+00:00
GLNG,universe_midcaps_v1,2025-12-20T17:03:04+00:00
GLOB,universe_midcaps_v1,2025-12-20T17:03:04+00:00
GLOO,universe_midcaps_v1,2025-12-20T17:03:04+00:00
GLP,universe_midcaps_v1,2025-12-20T17:03:04+00:00
GLPG,universe_midcaps_v1,2025-12-20T17:03:04+00:00
GLRE,universe_midcaps_v1,2025-12-20T17:03:04+00:00
GLSI,universe_midcaps_v1,2025-12-20T17:03:04+00:00
GLTO,universe_midcaps_v1,2025-12-20T17:03:04+00:00
GLUE,universe_midcaps_v1,2025-12-20T17:03:04+00:00
GLXG,universe_midcaps_v1,2025-12-20T17:03:04+00:00
GLXY,universe_midcaps_v1,2025-12-20T17:03:04+00:00
GMHS,universe_midcaps_v1,2025-12-20T17:03:04+00:00
GMM,universe_midcaps_v1,2025-12-20T17:03:04+00:00
GMRE,universe_midcaps_v1,2025-12-20T17:03:04+00:00
GNE,universe_midcaps_v1,2025-12-20T17:03:04+00:00
GNK,universe_midcaps_v1,2025-12-20T17:03:04+00:00
GNL,universe_midcaps_v1,2025-12-20T17:03:04+00:00
GNLN,universe_midcaps_v1,2025-12-20T17:03:04+00:00
GNLX,universe_midcaps_v1,2025-12-20T17:03:04+00:00
GNPX,universe_midcaps_v1,2025-12-20T17:03:04+00:00
GNRC,universe_midcaps_v1,2025-12-20T17:03:04+00:00
GNSS,universe_midcaps_v1,2025-12-20T17:03:04+00:00
GNTA,universe_midcaps_v1,2025-12-20T17:03:04+00:00
GNTX,universe_midcaps_v1,2025-12-20T17:03:04+00:00
GNW,universe_midcaps_v1,2025-12-20T17:03:04+00:00
GO,universe_midcaps_v1,2025-12-20T17:03:04+00:00
GOCO,universe_midcaps_v1,2025-12-20T17:03:04+00:00
GOGO,universe_midcaps_v1,2025-12-20T17:03:04+00:00
GOLD,universe_midcaps_v1,2025-12-20T17:03:04+00:00
GOLF,universe_midcaps_v1,2025-12-20T17:03:04+00:00
GOOD,universe_midcaps_v1,2025-12-20T17:03:04+00:00
GOOS,universe_midcaps_v1,2025-12-20T17:03:04+00:00
GOSS,universe_midcaps_v1,2025-12-20T17:03:04+00:00
GOTU,universe_midcaps_v1,2025-12-20T17:03:04+00:00
GPACU,universe_midcaps_v1,2025-12-20T17:03:04+00:00
GPAT,universe_midcaps_v1,2025-12-20T17:03:04+00:00
GPCR,universe_midcaps_v1,2025-12-20T17:03:04+00:00
GPI,universe_midcaps_v1,2025-12-20T17:03:04+00:00
GPK,universe_midcaps_v1,2025-12-20T17:03:04+00:00
GPMT,universe_midcaps_v1,2025-12-20T17:03:04+00:00
GPOR,universe_midcaps_v1,2025-12-20T17:03:04+00:00
GPRE,universe_midcaps_v1,2025-12-20T17:03:04+00:00
GPRK,universe_midcaps_v1,2025-12-20T17:03:04+00:00
GPRO,universe_midcaps_v1,2025-12-20T17:03:04+00:00
GRAF,universe_midcaps_v1,2025-12-20T17:03:04+00:00
GRAL,universe_midcaps_v1,2025-12-20T17:03:04+00:00
GRAN,universe_midcaps_v1,2025-12-20T17:03:04+00:00
GRBK,universe_midcaps_v1,2025-12-20T17:03:04+00:00
GRC,universe_midcaps_v1,2025-12-20T17:03:04+00:00
GRCE,universe_midcaps_v1,2025-12-20T17:03:04+00:00
GRDN,universe_midcaps_v1,2025-12-20T17:03:04+00:00
GRDX,universe_midcaps_v1,2025-12-20T17:03:04+00:00
GREE,universe_midcaps_v1,2025-12-20T17:03:04+00:00
GRFS,universe_midcaps_v1,2025-12-20T17:03:04+00:00
GRND,universe_midcaps_v1,2025-12-20T17:03:04+00:00
GRNQ,universe_midcaps_v1,2025-12-20T17:03:04+00:00
GRNT,universe_midcaps_v1,2025-12-20T17:03:04+00:00
GRO,universe_midcaps_v1,2025-12-20T17:03:04+00:00
GROV,universe_midcaps_v1,2025-12-20T17:03:04+00:00
GROW,universe_midcaps_v1,2025-12-20T17:03:04+00:00
GROY,universe_midcaps_v1,2025-12-20T17:03:04+00:00
GRPN,universe_midcaps_v1,2025-12-20T17:03:04+00:00
GRRR,universe_midcaps_v1,2025-12-20T17:03:04+00:00
GRVY,universe_midcaps_v1,2025-12-20T17:03:04+00:00
GRWG,universe_midcaps_v1,2025-12-20T17:03:04+00:00
GSAT,universe_midcaps_v1,2025-12-20T17:03:04+00:00
GSBC,universe_midcaps_v1,2025-12-20T17:03:04+00:00
GSBD,universe_midcaps_v1,2025-12-20T17:03:04+00:00
GSHD,universe_midcaps_v1,2025-12-20T17:03:04+00:00
GSHR,universe_midcaps_v1,2025-12-20T17:03:04+00:00
GSIT,universe_midcaps_v1,2025-12-20T17:03:04+00:00
GSL,universe_midcaps_v1,2025-12-20T17:03:04+00:00
GSM,universe_midcaps_v1,2025-12-20T17:03:04+00:00
GSRF,universe_midcaps_v1,2025-12-20T17:03:04+00:00
GSUN,universe_midcaps_v1,2025-12-20T17:03:04+00:00
GT,universe_midcaps_v1,2025-12-20T17:03:04+00:00
GTE,universe_midcaps_v1,2025-12-20T17:03:04+00:00
GTEC,universe_midcaps_v1,2025-12-20T17:03:04+00:00
GTEN,universe_midcaps_v1,2025-12-20T17:03:04+00:00
GTERA,universe_midcaps_v1,2025-12-20T17:03:04+00:00
GTES,universe_midcaps_v1,2025-12-20T17:03:04+00:00
GTIM,universe_midcaps_v1,2025-12-20T17:03:04+00:00
GTLB,universe_midcaps_v1,2025-12-20T17:03:04+00:00
GTLS,universe_midcaps_v1,2025-12-20T17:03:04+00:00
GTM,universe_midcaps_v1,2025-12-20T17:03:04+00:00
GTN,universe_midcaps_v1,2025-12-20T17:03:04+00:00
GTX,universe_midcaps_v1,2025-12-20T17:03:04+00:00
GTY,universe_midcaps_v1,2025-12-20T17:03:04+00:00
GURE,universe_midcaps_v1,2025-12-20T17:03:04+00:00
GUTS,universe_midcaps_v1,2025-12-20T17:03:04+00:00
GV,universe_midcaps_v1,2025-12-20T17:03:04+00:00
GVA,universe_midcaps_v1,2025-12-20T17:03:04+00:00
GVH,universe_midcaps_v1,2025-12-20T17:03:04+00:00
GWAV,universe_midcaps_v1,2025-12-20T17:03:04+00:00
GWH,universe_midcaps_v1,2025-12-20T17:03:04+00:00
GWRS,universe_midcaps_v1,2025-12-20T17:03:04+00:00
GXAI,universe_midcaps_v1,2025-12-20T17:03:04+00:00
GXO,universe_midcaps_v1,2025-12-20T17:03:04+00:00
GYRE,universe_midcaps_v1,2025-12-20T17:03:04+00:00
GYRO,universe_midcaps_v1,2025-12-20T17:03:04+00:00
HAE,universe_midcaps_v1,2025-12-20T17:03:04+00:00
HAFC,universe_midcaps_v1,2025-12-20T17:03:04+00:00
HAFN,universe_midcaps_v1,2025-12-20T17:03:04+00:00
HAIN,universe_midcaps_v1,2025-12-20T17:03:04+00:00
HALO,universe_midcaps_v1,2025-12-20T17:03:04+00:00
HAO,universe_midcaps_v1,2025-12-20T17:03:04+00:00
HASI,universe_midcaps_v1,2025-12-20T17:03:04+00:00
HAVA,universe_midcaps_v1,2025-12-20T17:03:04+00:00
HAVAU,universe_midcaps_v1,2025-12-20T17:03:04+00:00
HAYW,universe_midcaps_v1,2025-12-20T17:03:04+00:00
HBB,universe_midcaps_v1,2025-12-20T17:03:04+00:00
HBCP,universe_midcaps_v1,2025-12-20T17:03:04+00:00
HBM,universe_midcaps_v1,2025-12-20T17:03:04+00:00
HBNB,universe_midcaps_v1,2025-12-20T17:03:04+00:00
HBNC,universe_midcaps_v1,2025-12-20T17:03:04+00:00
HBT,universe_midcaps_v1,2025-12-20T17:03:04+00:00
HCACU,universe_midcaps_v1,2025-12-20T17:03:04+00:00
HCAT,universe_midcaps_v1,2025-12-20T17:03:04+00:00
HCC,universe_midcaps_v1,2025-12-20T17:03:04+00:00
HCI,universe_midcaps_v1,2025-12-20T17:03:04+00:00
HCKT,universe_midcaps_v1,2025-12-20T17:03:04+00:00
HCM,universe_midcaps_v1,2025-12-20T17:03:04+00:00
HCMA,universe_midcaps_v1,2025-12-20T17:03:04+00:00
HCSG,universe_midcaps_v1,2025-12-20T17:03:04+00:00
HCTI,universe_midcaps_v1,2025-12-20T17:03:04+00:00
HCWB,universe_midcaps_v1,2025-12-20T17:03:04+00:00
HDL,universe_midcaps_v1,2025-12-20T17:03:04+00:00
HDSN,universe_midcaps_v1,2025-12-20T17:03:04+00:00
HE,universe_midcaps_v1,2025-12-20T17:03:04+00:00
HELE,universe_midcaps_v1,2025-12-20T17:03:04+00:00
HEPS,universe_midcaps_v1,2025-12-20T17:03:04+00:00
HERE,universe_midcaps_v1,2025-12-20T17:03:04+00:00
HERZ,universe_midcaps_v1,2025-12-20T17:03:04+00:00
HESM,universe_midcaps_v1,2025-12-20T17:03:04+00:00
HFBL,universe_midcaps_v1,2025-12-20T17:03:04+00:00
HFFG,universe_midcaps_v1,2025-12-20T17:03:04+00:00
HFWA,universe_midcaps_v1,2025-12-20T17:03:04+00:00
HG,universe_midcaps_v1,2025-12-20T17:03:04+00:00
HGBL,universe_midcaps_v1,2025-12-20T17:03:04+00:00
HGTY,universe_midcaps_v1,2025-12-20T17:03:04+00:00
HGV,universe_midcaps_v1,2025-12-20T17:03:04+00:00
HHH,universe_midcaps_v1,2025-12-20T17:03:04+00:00
HHS,universe_midcaps_v1,2025-12-20T17:03:04+00:00
HI,universe_midcaps_v1,2025-12-20T17:03:04+00:00
HIFS,universe_midcaps_v1,2025-12-20T17:03:04+00:00
HIMS,universe_midcaps_v1,2025-12-20T17:03:04+00:00
HIMX,universe_midcaps_v1,2025-12-20T17:03:04+00:00
HIND,universe_midcaps_v1,2025-12-20T17:03:04+00:00
HIPO,universe_midcaps_v1,2025-12-20T17:03:04+00:00
HIT,universe_midcaps_v1,2025-12-20T17:03:04+00:00
HITI,universe_midcaps_v1,2025-12-20T17:03:04+00:00
HIVE,universe_midcaps_v1,2025-12-20T17:03:04+00:00
HIW,universe_midcaps_v1,2025-12-20T17:03:04+00:00
HKD,universe_midcaps_v1,2025-12-20T17:03:04+00:00
HKIT,universe_midcaps_v1,2025-12-20T17:03:04+00:00
HLF,universe_midcaps_v1,2025-12-20T17:03:04+00:00
HLIO,universe_midcaps_v1,2025-12-20T17:03:04+00:00
HLIT,universe_midcaps_v1,2025-12-20T17:03:04+00:00
HLLY,universe_midcaps_v1,2025-12-20T17:03:04+00:00
HLMN,universe_midcaps_v1,2025-12-20T17:03:04+00:00
HLNE,universe_midcaps_v1,2025-12-20T17:03:04+00:00
HLP,universe_midcaps_v1,2025-12-20T17:03:04+00:00
HLX,universe_midcaps_v1,2025-12-20T17:03:04+00:00
HMN,universe_midcaps_v1,2025-12-20T17:03:04+00:00
HNGE,universe_midcaps_v1,2025-12-20T17:03:04+00:00
HNI,universe_midcaps_v1,2025-12-20T17:03:04+00:00
HNNA,universe_midcaps_v1,2025-12-20T17:03:04+00:00
HNRG,universe_midcaps_v1,2025-12-20T17:03:04+00:00
HNST,universe_midcaps_v1,2025-12-20T17:03:04+00:00
HNVR,universe_midcaps_v1,2025-12-20T17:03:04+00:00
HOFT,universe_midcaps_v1,2025-12-20T17:03:04+00:00
HOG,universe_midcaps_v1,2025-12-20T17:03:04+00:00
HOLO,universe_midcaps_v1,2025-12-20T17:03:04+00:00
HOMB,universe_midcaps_v1,2025-12-20T17:03:04+00:00
HOPE,universe_midcaps_v1,2025-12-20T17:03:04+00:00
HOTH,universe_midcaps_v1,2025-12-20T17:03:04+00:00
HOUR,universe_midcaps_v1,2025-12-20T17:03:04+00:00
HOUS,universe_midcaps_v1,2025-12-20T17:03:04+00:00
HOV,universe_midcaps_v1,2025-12-20T17:03:04+00:00
HOVR,universe_midcaps_v1,2025-12-20T17:03:04+00:00
HP,universe_midcaps_v1,2025-12-20T17:03:04+00:00
HPAI,universe_midcaps_v1,2025-12-20T17:03:04+00:00
HPK,universe_midcaps_v1,2025-12-20T17:03:04+00:00
HPP,universe_midcaps_v1,2025-12-20T17:03:04+00:00
HQI,universe_midcaps_v1,2025-12-20T17:03:04+00:00
HQY,universe_midcaps_v1,2025-12-20T17:03:04+00:00
HR,universe_midcaps_v1,2025-12-20T17:03:04+00:00
HRB,universe_midcaps_v1,2025-12-20T17:03:04+00:00
HRI,universe_midcaps_v1,2025-12-20T17:03:04+00:00
HRMY,universe_midcaps_v1,2025-12-20T17:03:04+00:00
HROW,universe_midcaps_v1,2025-12-20T17:03:04+00:00
HRTG,universe_midcaps_v1,2025-12-20T17:03:04+00:00
HRTX,universe_midcaps_v1,2025-12-20T17:03:04+00:00
HRZN,universe_midcaps_v1,2025-12-20T17:03:04+00:00
HSAI,universe_midcaps_v1,2025-12-20T17:03:04+00:00
HSCS,universe_midcaps_v1,2025-12-20T17:03:04+00:00
HSDT,universe_midcaps_v1,2025-12-20T17:03:04+00:00
HSHP,universe_midcaps_v1,2025-12-20T17:03:04+00:00
HSIC,universe_midcaps_v1,2025-12-20T17:03:04+00:00
HSII,universe_midcaps_v1,2025-12-20T17:03:04+00:00
HSPO,universe_midcaps_v1,2025-12-20T17:03:04+00:00
HSPT,universe_midcaps_v1,2025-12-20T17:03:04+00:00
HSTM,universe_midcaps_v1,2025-12-20T17:03:04+00:00
HTB,universe_midcaps_v1,2025-12-20T17:03:04+00:00
HTBK,universe_midcaps_v1,2025-12-20T17:03:04+00:00
HTCO,universe_midcaps_v1,2025-12-20T17:03:04+00:00
HTFL,universe_midcaps_v1,2025-12-20T17:03:04+00:00
HTGC,universe_midcaps_v1,2025-12-20T17:03:04+00:00
HTH,universe_midcaps_v1,2025-12-20T17:03:04+00:00
HTLD,universe_midcaps_v1,2025-12-20T17:03:04+00:00
HTLM,universe_midcaps_v1,2025-12-20T17:03:04+00:00
HTO,universe_midcaps_v1,2025-12-20T17:03:04+00:00
HTOO,universe_midcaps_v1,2025-12-20T17:03:04+00:00
HTZ,universe_midcaps_v1,2025-12-20T17:03:04+00:00
HUBG,universe_midcaps_v1,2025-12-20T17:03:04+00:00
HUDI,universe_midcaps_v1,2025-12-20T17:03:04+00:00
HUHU,universe_midcaps_v1,2025-12-20T17:03:04+00:00
HUIZ,universe_midcaps_v1,2025-12-20T17:03:04+00:00
HUMA,universe_midcaps_v1,2025-12-20T17:03:04+00:00
HUN,universe_midcaps_v1,2025-12-20T17:03:04+00:00
HURC,universe_midcaps_v1,2025-12-20T17:03:04+00:00
HURN,universe_midcaps_v1,2025-12-20T17:03:04+00:00
HUSA,universe_midcaps_v1,2025-12-20T17:03:04+00:00
HUT,universe_midcaps_v1,2025-12-20T17:03:04+00:00
HUYA,universe_midcaps_v1,2025-12-20T17:03:04+00:00
HVII,universe_midcaps_v1,2025-12-20T17:03:04+00:00
HVMC,universe_midcaps_v1,2025-12-20T17:03:04+00:00
HVT,universe_midcaps_v1,2025-12-20T17:03:04+00:00
HWBK,universe_midcaps_v1,2025-12-20T17:03:04+00:00
HWC,universe_midcaps_v1,2025-12-20T17:03:04+00:00
HWH,universe_midcaps_v1,2025-12-20T17:03:04+00:00
HWKN,universe_midcaps_v1,2025-12-20T17:03:04+00:00
HXL,universe_midcaps_v1,2025-12-20T17:03:04+00:00
HY,universe_midcaps_v1,2025-12-20T17:03:04+00:00
HYAC,universe_midcaps_v1,2025-12-20T17:03:04+00:00
HYFM,universe_midcaps_v1,2025-12-20T17:03:04+00:00
HYFT,universe_midcaps_v1,2025-12-20T17:03:04+00:00
HYLN,universe_midcaps_v1,2025-12-20T17:03:04+00:00
HYMC,universe_midcaps_v1,2025-12-20T17:03:04+00:00
HYNE,universe_midcaps_v1,2025-12-20T17:03:04+00:00
HYPD,universe_midcaps_v1,2025-12-20T17:03:04+00:00
HYPR,universe_midcaps_v1,2025-12-20T17:03:04+00:00
HZO,universe_midcaps_v1,2025-12-20T17:03:04+00:00
IAC,universe_midcaps_v1,2025-12-20T17:03:04+00:00
IAG,universe_midcaps_v1,2025-12-20T17:03:04+00:00
IART,universe_midcaps_v1,2025-12-20T17:03:04+00:00
IAS,universe_midcaps_v1,2025-12-20T17:03:04+00:00
IAUX,universe_midcaps_v1,2025-12-20T17:03:04+00:00
IBAC,universe_midcaps_v1,2025-12-20T17:03:04+00:00
IBCP,universe_midcaps_v1,2025-12-20T17:03:04+00:00
IBEX,universe_midcaps_v1,2025-12-20T17:03:04+00:00
IBG,universe_midcaps_v1,2025-12-20T17:03:04+00:00
IBIO,universe_midcaps_v1,2025-12-20T17:03:04+00:00
IBOC,universe_midcaps_v1,2025-12-20T17:03:04+00:00
IBP,universe_midcaps_v1,2025-12-20T17:03:04+00:00
IBRX,universe_midcaps_v1,2025-12-20T17:03:04+00:00
IBTA,universe_midcaps_v1,2025-12-20T17:03:04+00:00
ICCC,universe_midcaps_v1,2025-12-20T17:03:04+00:00
ICFI,universe_midcaps_v1,2025-12-20T17:03:04+00:00
ICG,universe_midcaps_v1,2025-12-20T17:03:04+00:00
ICHR,universe_midcaps_v1,2025-12-20T17:03:04+00:00
ICL,universe_midcaps_v1,2025-12-20T17:03:04+00:00
ICMB,universe_midcaps_v1,2025-12-20T17:03:04+00:00
ICUI,universe_midcaps_v1,2025-12-20T17:03:04+00:00
IDA,universe_midcaps_v1,2025-12-20T17:03:04+00:00
IDAI,universe_midcaps_v1,2025-12-20T17:03:04+00:00
IDCC,universe_midcaps_v1,2025-12-20T17:03:04+00:00
IDN,universe_midcaps_v1,2025-12-20T17:03:04+00:00
IDR,universe_midcaps_v1,2025-12-20T17:03:04+00:00
IDT,universe_midcaps_v1,2025-12-20T17:03:04+00:00
IDYA,universe_midcaps_v1,2025-12-20T17:03:04+00:00
IE,universe_midcaps_v1,2025-12-20T17:03:04+00:00
IEP,universe_midcaps_v1,2025-12-20T17:03:04+00:00
IESC,universe_midcaps_v1,2025-12-20T17:03:04+00:00
IFRX,universe_midcaps_v1,2025-12-20T17:03:04+00:00
IFS,universe_midcaps_v1,2025-12-20T17:03:04+00:00
IGACU,universe_midcaps_v1,2025-12-20T17:03:04+00:00
IGIC,universe_midcaps_v1,2025-12-20T17:03:04+00:00
IH,universe_midcaps_v1,2025-12-20T17:03:04+00:00
IHRT,universe_midcaps_v1,2025-12-20T17:03:04+00:00
IHS,universe_midcaps_v1,2025-12-20T17:03:04+00:00
IHT,universe_midcaps_v1,2025-12-20T17:03:04+00:00
III,universe_midcaps_v1,2025-12-20T17:03:04+00:00
IIIN,universe_midcaps_v1,2025-12-20T17:03:04+00:00
IIIV,universe_midcaps_v1,2025-12-20T17:03:04+00:00
IINN,universe_midcaps_v1,2025-12-20T17:03:04+00:00
IIPR,universe_midcaps_v1,2025-12-20T17:03:04+00:00
IKT,universe_midcaps_v1,2025-12-20T17:03:04+00:00
ILPT,universe_midcaps_v1,2025-12-20T17:03:04+00:00
IMA,universe_midcaps_v1,2025-12-20T17:03:04+00:00
IMAX,universe_midcaps_v1,2025-12-20T17:03:04+00:00
IMCC,universe_midcaps_v1,2025-12-20T17:03:04+00:00
IMCR,universe_midcaps_v1,2025-12-20T17:03:04+00:00
IMDX,universe_midcaps_v1,2025-12-20T17:03:04+00:00
IMG,universe_midcaps_v1,2025-12-20T17:03:04+00:00
IMKTA,universe_midcaps_v1,2025-12-20T17:03:04+00:00
IMMP,universe_midcaps_v1,2025-12-20T17:03:04+00:00
IMMR,universe_midcaps_v1,2025-12-20T17:03:04+00:00
IMMX,universe_midcaps_v1,2025-12-20T17:03:04+00:00
IMNM,universe_midcaps_v1,2025-12-20T17:03:04+00:00
IMNN,universe_midcaps_v1,2025-12-20T17:03:04+00:00
IMOS,universe_midcaps_v1,2025-12-20T17:03:04+00:00
IMPP,universe_midcaps_v1,2025-12-20T17:03:04+00:00
IMRX,universe_midcaps_v1,2025-12-20T17:03:04+00:00
IMSR,universe_midcaps_v1,2025-12-20T17:03:04+00:00
IMTX,universe_midcaps_v1,2025-12-20T17:03:04+00:00
IMVT,universe_midcaps_v1,2025-12-20T17:03:04+00:00
IMXI,universe_midcaps_v1,2025-12-20T17:03:04+00:00
INAB,universe_midcaps_v1,2025-12-20T17:03:04+00:00
INAC,universe_midcaps_v1,2025-12-20T17:03:04+00:00
INBK,universe_midcaps_v1,2025-12-20T17:03:04+00:00
INBS,universe_midcaps_v1,2025-12-20T17:03:04+00:00
INBX,universe_midcaps_v1,2025-12-20T17:03:04+00:00
INCR,universe_midcaps_v1,2025-12-20T17:03:04+00:00
INDB,universe_midcaps_v1,2025-12-20T17:03:04+00:00
INDI,universe_midcaps_v1,2025-12-20T17:03:04+00:00
INDO,universe_midcaps_v1,2025-12-20T17:03:04+00:00
INDP,universe_midcaps_v1,2025-12-20T17:03:04+00:00
INDV,universe_midcaps_v1,2025-12-20T17:03:04+00:00
INFU,universe_midcaps_v1,2025-12-20T17:03:04+00:00
INGM,universe_midcaps_v1,2025-12-20T17:03:04+00:00
INGN,universe_midcaps_v1,2025-12-20T17:03:04+00:00
INGR,universe_midcaps_v1,2025-12-20T17:03:04+00:00
INKT,universe_midcaps_v1,2025-12-20T17:03:04+00:00
INLX,universe_midcaps_v1,2025-12-20T17:03:04+00:00
INM,universe_midcaps_v1,2025-12-20T17:03:04+00:00
INMB,universe_midcaps_v1,2025-12-20T17:03:04+00:00
INMD,universe_midcaps_v1,2025-12-20T17:03:04+00:00
INN,universe_midcaps_v1,2025-12-20T17:03:04+00:00
INNV,universe_midcaps_v1,2025-12-20T17:03:04+00:00
INO,universe_midcaps_v1,2025-12-20T17:03:04+00:00
INOD,universe_midcaps_v1,2025-12-20T17:03:04+00:00
INR,universe_midcaps_v1,2025-12-20T17:03:04+00:00
INSE,universe_midcaps_v1,2025-12-20T17:03:04+00:00
INSG,universe_midcaps_v1,2025-12-20T17:03:04+00:00
INSP,universe_midcaps_v1,2025-12-20T17:03:04+00:00
INSW,universe_midcaps_v1,2025-12-20T17:03:04+00:00
INTA,universe_midcaps_v1,2025-12-20T17:03:04+00:00
INTG,universe_midcaps_v1,2025-12-20T17:03:04+00:00
INTR,universe_midcaps_v1,2025-12-20T17:03:04+00:00
INTT,universe_midcaps_v1,2025-12-20T17:03:04+00:00
INTZ,universe_midcaps_v1,2025-12-20T17:03:04+00:00
INUV,universe_midcaps_v1,2025-12-20T17:03:04+00:00
INV,universe_midcaps_v1,2025-12-20T17:03:04+00:00
INVA,universe_midcaps_v1,2025-12-20T17:03:04+00:00
INVE,universe_midcaps_v1,2025-12-20T17:03:04+00:00
INVX,universe_midcaps_v1,2025-12-20T17:03:04+00:00
INVZ,universe_midcaps_v1,2025-12-20T17:03:04+00:00
IONR,universe_midcaps_v1,2025-12-20T17:03:04+00:00
IOR,universe_midcaps_v1,2025-12-20T17:03:04+00:00
IOSP,universe_midcaps_v1,2025-12-20T17:03:04+00:00
IOTR,universe_midcaps_v1,2025-12-20T17:03:04+00:00
IOVA,universe_midcaps_v1,2025-12-20T17:03:04+00:00
IPAR,universe_midcaps_v1,2025-12-20T17:03:04+00:00
IPCX,universe_midcaps_v1,2025-12-20T17:03:04+00:00
IPDN,universe_midcaps_v1,2025-12-20T17:03:04+00:00
IPEX,universe_midcaps_v1,2025-12-20T17:03:04+00:00
IPGP,universe_midcaps_v1,2025-12-20T17:03:04+00:00
IPHA,universe_midcaps_v1,2025-12-20T17:03:04+00:00
IPI,universe_midcaps_v1,2025-12-20T17:03:04+00:00
IPM,universe_midcaps_v1,2025-12-20T17:03:04+00:00
IPOD,universe_midcaps_v1,2025-12-20T17:03:04+00:00
IPST,universe_midcaps_v1,2025-12-20T17:03:04+00:00
IPW,universe_midcaps_v1,2025-12-20T17:03:04+00:00
IPWR,universe_midcaps_v1,2025-12-20T17:03:04+00:00
IPX,universe_midcaps_v1,2025-12-20T17:03:04+00:00
IQ,universe_midcaps_v1,2025-12-20T17:03:04+00:00
IQST,universe_midcaps_v1,2025-12-20T17:03:04+00:00
IRD,universe_midcaps_v1,2025-12-20T17:03:04+00:00
IRDM,universe_midcaps_v1,2025-12-20T17:03:04+00:00
IRHOU,universe_midcaps_v1,2025-12-20T17:03:04+00:00
IRIX,universe_midcaps_v1,2025-12-20T17:03:04+00:00
IRMD,universe_midcaps_v1,2025-12-20T17:03:04+00:00
IRON,universe_midcaps_v1,2025-12-20T17:03:04+00:00
IROQ,universe_midcaps_v1,2025-12-20T17:03:04+00:00
IRS,universe_midcaps_v1,2025-12-20T17:03:04+00:00
IRT,universe_midcaps_v1,2025-12-20T17:03:04+00:00
IRTC,universe_midcaps_v1,2025-12-20T17:03:04+00:00
IRWD,universe_midcaps_v1,2025-12-20T17:03:04+00:00
ISBA,universe_midcaps_v1,2025-12-20T17:03:04+00:00
ISOU,universe_midcaps_v1,2025-12-20T17:03:04+00:00
ISPO,universe_midcaps_v1,2025-12-20T17:03:04+00:00
ISPR,universe_midcaps_v1,2025-12-20T17:03:04+00:00
ISRL,universe_midcaps_v1,2025-12-20T17:03:04+00:00
ISSC,universe_midcaps_v1,2025-12-20T17:03:04+00:00
ISTR,universe_midcaps_v1,2025-12-20T17:03:04+00:00
ITGR,universe_midcaps_v1,2025-12-20T17:03:04+00:00
ITIC,universe_midcaps_v1,2025-12-20T17:03:04+00:00
ITRG,universe_midcaps_v1,2025-12-20T17:03:04+00:00
ITRI,universe_midcaps_v1,2025-12-20T17:03:04+00:00
ITRN,universe_midcaps_v1,2025-12-20T17:03:04+00:00
IVA,universe_midcaps_v1,2025-12-20T17:03:04+00:00
IVR,universe_midcaps_v1,2025-12-20T17:03:04+00:00
IVT,universe_midcaps_v1,2025-12-20T17:03:04+00:00
IVVD,universe_midcaps_v1,2025-12-20T17:03:04+00:00
IZEA,universe_midcaps_v1,2025-12-20T17:03:04+00:00
IZM,universe_midcaps_v1,2025-12-20T17:03:04+00:00
JACK,universe_midcaps_v1,2025-12-20T17:03:04+00:00
JACS,universe_midcaps_v1,2025-12-20T17:03:04+00:00
JAGX,universe_midcaps_v1,2025-12-20T17:03:04+00:00
JAKK,universe_midcaps_v1,2025-12-20T17:03:04+00:00
JAMF,universe_midcaps_v1,2025-12-20T17:03:04+00:00
JANX,universe_midcaps_v1,2025-12-20T17:03:04+00:00
JBGS,universe_midcaps_v1,2025-12-20T17:03:04+00:00
JBI,universe_midcaps_v1,2025-12-20T17:03:04+00:00
JBIO,universe_midcaps_v1,2025-12-20T17:03:04+00:00
JBLU,universe_midcaps_v1,2025-12-20T17:03:04+00:00
JBSS,universe_midcaps_v1,2025-12-20T17:03:04+00:00
JBTM,universe_midcaps_v1,2025-12-20T17:03:04+00:00
JCAP,universe_midcaps_v1,2025-12-20T17:03:04+00:00
JCSE,universe_midcaps_v1,2025-12-20T17:03:04+00:00
JCTC,universe_midcaps_v1,2025-12-20T17:03:04+00:00
JDZG,universe_midcaps_v1,2025-12-20T17:03:04+00:00
JELD,universe_midcaps_v1,2025-12-20T17:03:04+00:00
JENA,universe_midcaps_v1,2025-12-20T17:03:04+00:00
JFB,universe_midcaps_v1,2025-12-20T17:03:04+00:00
JFBR,universe_midcaps_v1,2025-12-20T17:03:04+00:00
JFIN,universe_midcaps_v1,2025-12-20T17:03:04+00:00
JFU,universe_midcaps_v1,2025-12-20T17:03:04+00:00
JG,universe_midcaps_v1,2025-12-20T17:03:04+00:00
JHG,universe_midcaps_v1,2025-12-20T17:03:04+00:00
JILL,universe_midcaps_v1,2025-12-20T17:03:04+00:00
JJSF,universe_midcaps_v1,2025-12-20T17:03:04+00:00
JKS,universe_midcaps_v1,2025-12-20T17:03:04+00:00
JL,universe_midcaps_v1,2025-12-20T17:03:04+00:00
JLHL,universe_midcaps_v1,2025-12-20T17:03:04+00:00
JMIA,universe_midcaps_v1,2025-12-20T17:03:04+00:00
JMSB,universe_midcaps_v1,2025-12-20T17:03:04+00:00
JOE,universe_midcaps_v1,2025-12-20T17:03:04+00:00
JOUT,universe_midcaps_v1,2025-12-20T17:03:04+00:00
JOYY,universe_midcaps_v1,2025-12-20T17:03:04+00:00
JRSH,universe_midcaps_v1,2025-12-20T17:03:04+00:00
JRVR,universe_midcaps_v1,2025-12-20T17:03:04+00:00
JSPR,universe_midcaps_v1,2025-12-20T17:03:04+00:00
JTAI,universe_midcaps_v1,2025-12-20T17:03:04+00:00
JUNS,universe_midcaps_v1,2025-12-20T17:03:04+00:00
JVA,universe_midcaps_v1,2025-12-20T17:03:04+00:00
JWEL,universe_midcaps_v1,2025-12-20T17:03:04+00:00
JXG,universe_midcaps_v1,2025-12-20T17:03:04+00:00
JXN,universe_midcaps_v1,2025-12-20T17:03:04+00:00
JYD,universe_midcaps_v1,2025-12-20T17:03:04+00:00
JYNT,universe_midcaps_v1,2025-12-20T17:03:04+00:00
JZ,universe_midcaps_v1,2025-12-20T17:03:04+00:00
JZXN,universe_midcaps_v1,2025-12-20T17:03:04+00:00
KAI,universe_midcaps_v1,2025-12-20T17:03:04+00:00
KALU,universe_midcaps_v1,2025-12-20T17:03:04+00:00
KALV,universe_midcaps_v1,2025-12-20T17:03:04+00:00
KAR,universe_midcaps_v1,2025-12-20T17:03:04+00:00
KARO,universe_midcaps_v1,2025-12-20T17:03:04+00:00
KBDC,universe_midcaps_v1,2025-12-20T17:03:04+00:00
KBH,universe_midcaps_v1,2025-12-20T17:03:04+00:00
KBONU,universe_midcaps_v1,2025-12-20T17:03:04+00:00
KBR,universe_midcaps_v1,2025-12-20T17:03:04+00:00
KBSX,universe_midcaps_v1,2025-12-20T17:03:04+00:00
KC,universe_midcaps_v1,2025-12-20T17:03:04+00:00
KCHV,universe_midcaps_v1,2025-12-20T17:03:04+00:00
KD,universe_midcaps_v1,2025-12-20T17:03:04+00:00
KDK,universe_midcaps_v1,2025-12-20T17:03:04+00:00
KE,universe_midcaps_v1,2025-12-20T17:03:04+00:00
KELYA,universe_midcaps_v1,2025-12-20T17:03:04+00:00
KEN,universe_midcaps_v1,2025-12-20T17:03:04+00:00
KEQU,universe_midcaps_v1,2025-12-20T17:03:04+00:00
KEX,universe_midcaps_v1,2025-12-20T17:03:04+00:00
KFFB,universe_midcaps_v1,2025-12-20T17:03:04+00:00
KFII,universe_midcaps_v1,2025-12-20T17:03:04+00:00
KFRC,universe_midcaps_v1,2025-12-20T17:03:04+00:00
KFS,universe_midcaps_v1,2025-12-20T17:03:04+00:00
KFY,universe_midcaps_v1,2025-12-20T17:03:04+00:00
KG,universe_midcaps_v1,2025-12-20T17:03:04+00:00
KGEI,universe_midcaps_v1,2025-12-20T17:03:04+00:00
KGS,universe_midcaps_v1,2025-12-20T17:03:04+00:00
KIDS,universe_midcaps_v1,2025-12-20T17:03:04+00:00
KINS,universe_midcaps_v1,2025-12-20T17:03:04+00:00
KLC,universe_midcaps_v1,2025-12-20T17:03:04+00:00
KLIC,universe_midcaps_v1,2025-12-20T17:03:04+00:00
KLRS,universe_midcaps_v1,2025-12-20T17:03:04+00:00
KLTR,universe_midcaps_v1,2025-12-20T17:03:04+00:00
KLXE,universe_midcaps_v1,2025-12-20T17:03:04+00:00
KMDA,universe_midcaps_v1,2025-12-20T17:03:04+00:00
KMPR,universe_midcaps_v1,2025-12-20T17:03:04+00:00
KMRK,universe_midcaps_v1,2025-12-20T17:03:04+00:00
KMT,universe_midcaps_v1,2025-12-20T17:03:04+00:00
KMTS,universe_midcaps_v1,2025-12-20T17:03:04+00:00
KMX,universe_midcaps_v1,2025-12-20T17:03:04+00:00
KN,universe_midcaps_v1,2025-12-20T17:03:04+00:00
KNF,universe_midcaps_v1,2025-12-20T17:03:04+00:00
KNOP,universe_midcaps_v1,2025-12-20T17:03:04+00:00
KNSA,universe_midcaps_v1,2025-12-20T17:03:04+00:00
KNSL,universe_midcaps_v1,2025-12-20T17:03:04+00:00
KNTK,universe_midcaps_v1,2025-12-20T17:03:04+00:00
KNX,universe_midcaps_v1,2025-12-20T17:03:04+00:00
KOD,universe_midcaps_v1,2025-12-20T17:03:04+00:00
KODK,universe_midcaps_v1,2025-12-20T17:03:04+00:00
KOF,universe_midcaps_v1,2025-12-20T17:03:04+00:00
KOP,universe_midcaps_v1,2025-12-20T17:03:04+00:00
KOPN,universe_midcaps_v1,2025-12-20T17:03:04+00:00
KORE,universe_midcaps_v1,2025-12-20T17:03:04+00:00
KOSS,universe_midcaps_v1,2025-12-20T17:03:04+00:00
KOYN,universe_midcaps_v1,2025-12-20T17:03:04+00:00
KPLT,universe_midcaps_v1,2025-12-20T17:03:04+00:00
KPRX,universe_midcaps_v1,2025-12-20T17:03:04+00:00
KPTI,universe_midcaps_v1,2025-12-20T17:03:04+00:00
KRC,universe_midcaps_v1,2025-12-20T17:03:04+00:00
KREF,universe_midcaps_v1,2025-12-20T17:03:04+00:00
KRG,universe_midcaps_v1,2025-12-20T17:03:04+00:00
KRKR,universe_midcaps_v1,2025-12-20T17:03:04+00:00
KRMD,universe_midcaps_v1,2025-12-20T17:03:04+00:00
KRMN,universe_midcaps_v1,2025-12-20T17:03:04+00:00
KRNT,universe_midcaps_v1,2025-12-20T17:03:04+00:00
KRNY,universe_midcaps_v1,2025-12-20T17:03:04+00:00
KRO,universe_midcaps_v1,2025-12-20T17:03:04+00:00
KROS,universe_midcaps_v1,2025-12-20T17:03:04+00:00
KRP,universe_midcaps_v1,2025-12-20T17:03:04+00:00
KRRO,universe_midcaps_v1,2025-12-20T17:03:04+00:00
KRSP,universe_midcaps_v1,2025-12-20T17:03:04+00:00
KRT,universe_midcaps_v1,2025-12-20T17:03:04+00:00
KRUS,universe_midcaps_v1,2025-12-20T17:03:04+00:00
KRYS,universe_midcaps_v1,2025-12-20T17:03:04+00:00
KSCP,universe_midcaps_v1,2025-12-20T17:03:04+00:00
KSS,universe_midcaps_v1,2025-12-20T17:03:04+00:00
KT,universe_midcaps_v1,2025-12-20T17:03:04+00:00
KTB,universe_midcaps_v1,2025-12-20T17:03:04+00:00
KTCC,universe_midcaps_v1,2025-12-20T17:03:04+00:00
KTTA,universe_midcaps_v1,2025-12-20T17:03:04+00:00
KULR,universe_midcaps_v1,2025-12-20T17:03:04+00:00
KURA,universe_midcaps_v1,2025-12-20T17:03:04+00:00
KVAC,universe_midcaps_v1,2025-12-20T17:03:04+00:00
KVHI,universe_midcaps_v1,2025-12-20T17:03:04+00:00
KVYO,universe_midcaps_v1,2025-12-20T17:03:04+00:00
KW,universe_midcaps_v1,2025-12-20T17:03:04+00:00
KWR,universe_midcaps_v1,2025-12-20T17:03:04+00:00
KXIN,universe_midcaps_v1,2025-12-20T17:03:04+00:00
KYIV,universe_midcaps_v1,2025-12-20T17:03:04+00:00
KYMR,universe_midcaps_v1,2025-12-20T17:03:04+00:00
KYTX,universe_midcaps_v1,2025-12-20T17:03:04+00:00
KZIA,universe_midcaps_v1,2025-12-20T17:03:04+00:00
KZR,universe_midcaps_v1,2025-12-20T17:03:04+00:00
LAB,universe_midcaps_v1,2025-12-20T17:03:04+00:00
LAC,universe_midcaps_v1,2025-12-20T17:03:04+00:00
LAD,universe_midcaps_v1,2025-12-20T17:03:04+00:00
LADR,universe_midcaps_v1,2025-12-20T17:03:04+00:00
LAES,universe_midcaps_v1,2025-12-20T17:03:04+00:00
LAFA,universe_midcaps_v1,2025-12-20T17:03:04+00:00
LAKE,universe_midcaps_v1,2025-12-20T17:03:04+00:00
LAND,universe_midcaps_v1,2025-12-20T17:03:04+00:00
LANV,universe_midcaps_v1,2025-12-20T17:03:04+00:00
LAR,universe_midcaps_v1,2025-12-20T17:03:04+00:00
LARK,universe_midcaps_v1,2025-12-20T17:03:04+00:00
LASE,universe_midcaps_v1,2025-12-20T17:03:04+00:00
LASR,universe_midcaps_v1,2025-12-20T17:03:04+00:00
LATA,universe_midcaps_v1,2025-12-20T17:03:04+00:00
LAUR,universe_midcaps_v1,2025-12-20T17:03:04+00:00
LAW,universe_midcaps_v1,2025-12-20T17:03:04+00:00
LAZ,universe_midcaps_v1,2025-12-20T17:03:04+00:00
LB,universe_midcaps_v1,2025-12-20T17:03:04+00:00
LBRDA,universe_midcaps_v1,2025-12-20T17:03:04+00:00
LBRDK,universe_midcaps_v1,2025-12-20T17:03:04+00:00
LBRT,universe_midcaps_v1,2025-12-20T17:03:04+00:00
LBRX,universe_midcaps_v1,2025-12-20T17:03:04+00:00
LBTYA,universe_midcaps_v1,2025-12-20T17:03:04+00:00
LBTYK,universe_midcaps_v1,2025-12-20T17:03:04+00:00
LC,universe_midcaps_v1,2025-12-20T17:03:04+00:00
LCCC,universe_midcaps_v1,2025-12-20T17:03:04+00:00
LCFY,universe_midcaps_v1,2025-12-20T17:03:04+00:00
LCID,universe_midcaps_v1,2025-12-20T17:03:04+00:00
LCII,universe_midcaps_v1,2025-12-20T17:03:04+00:00
LCNB,universe_midcaps_v1,2025-12-20T17:03:04+00:00
LCTX,universe_midcaps_v1,2025-12-20T17:03:04+00:00
LCUT,universe_midcaps_v1,2025-12-20T17:03:04+00:00
LDI,universe_midcaps_v1,2025-12-20T17:03:04+00:00
LDWY,universe_midcaps_v1,2025-12-20T17:03:04+00:00
LE,universe_midcaps_v1,2025-12-20T17:03:04+00:00
LEA,universe_midcaps_v1,2025-12-20T17:03:04+00:00
LEDS,universe_midcaps_v1,2025-12-20T17:03:04+00:00
LEE,universe_midcaps_v1,2025-12-20T17:03:04+00:00
LEG,universe_midcaps_v1,2025-12-20T17:03:04+00:00
LEGH,universe_midcaps_v1,2025-12-20T17:03:04+00:00
LEGN,universe_midcaps_v1,2025-12-20T17:03:04+00:00
LEGT,universe_midcaps_v1,2025-12-20T17:03:04+00:00
LENZ,universe_midcaps_v1,2025-12-20T17:03:04+00:00
LESL,universe_midcaps_v1,2025-12-20T17:03:04+00:00
LEU,universe_midcaps_v1,2025-12-20T17:03:04+00:00
LEVI,universe_midcaps_v1,2025-12-20T17:03:04+00:00
LFACU,universe_midcaps_v1,2025-12-20T17:03:04+00:00
LFCR,universe_midcaps_v1,2025-12-20T17:03:04+00:00
LFMD,universe_midcaps_v1,2025-12-20T17:03:04+00:00
LFS,universe_midcaps_v1,2025-12-20T17:03:04+00:00
LFST,universe_midcaps_v1,2025-12-20T17:03:04+00:00
LFT,universe_midcaps_v1,2025-12-20T17:03:04+00:00
LFUS,universe_midcaps_v1,2025-12-20T17:03:04+00:00
LFVN,universe_midcaps_v1,2025-12-20T17:03:04+00:00
LGCB,universe_midcaps_v1,2025-12-20T17:03:04+00:00
LGCL,universe_midcaps_v1,2025-12-20T17:03:04+00:00
LGCY,universe_midcaps_v1,2025-12-20T17:03:04+00:00
LGHL,universe_midcaps_v1,2025-12-20T17:03:04+00:00
LGIH,universe_midcaps_v1,2025-12-20T17:03:04+00:00
LGL,universe_midcaps_v1,2025-12-20T17:03:04+00:00
LGN,universe_midcaps_v1,2025-12-20T17:03:04+00:00
LGND,universe_midcaps_v1,2025-12-20T17:03:04+00:00
LGPS,universe_midcaps_v1,2025-12-20T17:03:04+00:00
LHAI,universe_midcaps_v1,2025-12-20T17:03:04+00:00
LICN,universe_midcaps_v1,2025-12-20T17:03:04+00:00
LIDR,universe_midcaps_v1,2025-12-20T17:03:04+00:00
LIEN,universe_midcaps_v1,2025-12-20T17:03:04+00:00
LIF,universe_midcaps_v1,2025-12-20T17:03:04+00:00
LILA,universe_midcaps_v1,2025-12-20T17:03:04+00:00
LILAK,universe_midcaps_v1,2025-12-20T17:03:04+00:00
LINC,universe_midcaps_v1,2025-12-20T17:03:04+00:00
LIND,universe_midcaps_v1,2025-12-20T17:03:04+00:00
LINE,universe_midcaps_v1,2025-12-20T17:03:04+00:00
LINK,universe_midcaps_v1,2025-12-20T17:03:04+00:00
LION,universe_midcaps_v1,2025-12-20T17:03:04+00:00
LIQT,universe_midcaps_v1,2025-12-20T17:03:04+00:00
LITB,universe_midcaps_v1,2025-12-20T17:03:04+00:00
LITM,universe_midcaps_v1,2025-12-20T17:03:04+00:00
LITS,universe_midcaps_v1,2025-12-20T17:03:04+00:00
LIVE,universe_midcaps_v1,2025-12-20T17:03:04+00:00
LIVN,universe_midcaps_v1,2025-12-20T17:03:04+00:00
LIXT,universe_midcaps_v1,2025-12-20T17:03:04+00:00
LKFN,universe_midcaps_v1,2025-12-20T17:03:04+00:00
LKQ,universe_midcaps_v1,2025-12-20T17:03:04+00:00
LKSP,universe_midcaps_v1,2025-12-20T17:03:04+00:00
LLYVA,universe_midcaps_v1,2025-12-20T17:03:04+00:00
LLYVK,universe_midcaps_v1,2025-12-20T17:03:04+00:00
LMAT,universe_midcaps_v1,2025-12-20T17:03:04+00:00
LMB,universe_midcaps_v1,2025-12-20T17:03:04+00:00
LMND,universe_midcaps_v1,2025-12-20T17:03:04+00:00
LMNR,universe_midcaps_v1,2025-12-20T17:03:04+00:00
LMRI,universe_midcaps_v1,2025-12-20T17:03:04+00:00
LNAI,universe_midcaps_v1,2025-12-20T17:03:04+00:00
LNC,universe_midcaps_v1,2025-12-20T17:03:04+00:00
LND,universe_midcaps_v1,2025-12-20T17:03:04+00:00
LNKB,universe_midcaps_v1,2025-12-20T17:03:04+00:00
LNN,universe_midcaps_v1,2025-12-20T17:03:04+00:00
LNSR,universe_midcaps_v1,2025-12-20T17:03:04+00:00
LNTH,universe_midcaps_v1,2025-12-20T17:03:04+00:00
LNZA,universe_midcaps_v1,2025-12-20T17:03:04+00:00
LOAN,universe_midcaps_v1,2025-12-20T17:03:04+00:00
LOAR,universe_midcaps_v1,2025-12-20T17:03:04+00:00
LOB,universe_midcaps_v1,2025-12-20T17:03:04+00:00
LOCL,universe_midcaps_v1,2025-12-20T17:03:04+00:00
LOCO,universe_midcaps_v1,2025-12-20T17:03:04+00:00
LODE,universe_midcaps_v1,2025-12-20T17:03:04+00:00
LOKV,universe_midcaps_v1,2025-12-20T17:03:04+00:00
LOMA,universe_midcaps_v1,2025-12-20T17:03:04+00:00
LOPE,universe_midcaps_v1,2025-12-20T17:03:04+00:00
LOT,universe_midcaps_v1,2025-12-20T17:03:04+00:00
LOVE,universe_midcaps_v1,2025-12-20T17:03:04+00:00
LPA,universe_midcaps_v1,2025-12-20T17:03:04+00:00
LPAA,universe_midcaps_v1,2025-12-20T17:03:04+00:00
LPBB,universe_midcaps_v1,2025-12-20T17:03:04+00:00
LPCN,universe_midcaps_v1,2025-12-20T17:03:04+00:00
LPCVU,universe_midcaps_v1,2025-12-20T17:03:04+00:00
LPG,universe_midcaps_v1,2025-12-20T17:03:04+00:00
LPL,universe_midcaps_v1,2025-12-20T17:03:04+00:00
LPRO,universe_midcaps_v1,2025-12-20T17:03:04+00:00
LPSN,universe_midcaps_v1,2025-12-20T17:03:04+00:00
LPTH,universe_midcaps_v1,2025-12-20T17:03:04+00:00
LPX,universe_midcaps_v1,2025-12-20T17:03:04+00:00
LQDA,universe_midcaps_v1,2025-12-20T17:03:04+00:00
LQDT,universe_midcaps_v1,2025-12-20T17:03:04+00:00
LRE,universe_midcaps_v1,2025-12-20T17:03:04+00:00
LRMR,universe_midcaps_v1,2025-12-20T17:03:04+00:00
LRN,universe_midcaps_v1,2025-12-20T17:03:04+00:00
LSAK,universe_midcaps_v1,2025-12-20T17:03:04+00:00
LSBK,universe_midcaps_v1,2025-12-20T17:03:04+00:00
LSE,universe_midcaps_v1,2025-12-20T17:03:04+00:00
LSF,universe_midcaps_v1,2025-12-20T17:03:04+00:00
LSPD,universe_midcaps_v1,2025-12-20T17:03:04+00:00
LSTA,universe_midcaps_v1,2025-12-20T17:03:04+00:00
LSTR,universe_midcaps_v1,2025-12-20T17:03:04+00:00
LTBR,universe_midcaps_v1,2025-12-20T17:03:04+00:00
LTC,universe_midcaps_v1,2025-12-20T17:03:04+00:00
LTH,universe_midcaps_v1,2025-12-20T17:03:04+00:00
LTRN,universe_midcaps_v1,2025-12-20T17:03:04+00:00
LTRX,universe_midcaps_v1,2025-12-20T17:03:04+00:00
LU,universe_midcaps_v1,2025-12-20T17:03:04+00:00
LUCD,universe_midcaps_v1,2025-12-20T17:03:04+00:00
LUCK,universe_midcaps_v1,2025-12-20T17:03:04+00:00
LUCY,universe_midcaps_v1,2025-12-20T17:03:04+00:00
LUMN,universe_midcaps_v1,2025-12-20T17:03:04+00:00
LUNG,universe_midcaps_v1,2025-12-20T17:03:04+00:00
LUNR,universe_midcaps_v1,2025-12-20T17:03:04+00:00
LUXE,universe_midcaps_v1,2025-12-20T17:03:04+00:00
LVLU,universe_midcaps_v1,2025-12-20T17:03:04+00:00
LVO,universe_midcaps_v1,2025-12-20T17:03:04+00:00
LVWR,universe_midcaps_v1,2025-12-20T17:03:04+00:00
LW,universe_midcaps_v1,2025-12-20T17:03:04+00:00
LWAC,universe_midcaps_v1,2025-12-20T17:03:04+00:00
LWAY,universe_midcaps_v1,2025-12-20T17:03:04+00:00
LWLG,universe_midcaps_v1,2025-12-20T17:03:04+00:00
LX,universe_midcaps_v1,2025-12-20T17:03:04+00:00
LXEO,universe_midcaps_v1,2025-12-20T17:03:04+00:00
LXFR,universe_midcaps_v1,2025-12-20T17:03:04+00:00
LXP,universe_midcaps_v1,2025-12-20T17:03:04+00:00
LXRX,universe_midcaps_v1,2025-12-20T17:03:04+00:00
LXU,universe_midcaps_v1,2025-12-20T17:03:04+00:00
LYEL,universe_midcaps_v1,2025-12-20T17:03:04+00:00
LYFT,universe_midcaps_v1,2025-12-20T17:03:04+00:00
LYRA,universe_midcaps_v1,2025-12-20T17:03:04+00:00
LYTS,universe_midcaps_v1,2025-12-20T17:03:04+00:00
LZ,universe_midcaps_v1,2025-12-20T17:03:04+00:00
LZB,universe_midcaps_v1,2025-12-20T17:03:04+00:00
LZM,universe_midcaps_v1,2025-12-20T17:03:04+00:00
LZMH,universe_midcaps_v1,2025-12-20T17:03:04+00:00
M,universe_midcaps_v1,2025-12-20T17:03:04+00:00
MAAS,universe_midcaps_v1,2025-12-20T17:03:04+00:00
MAC,universe_midcaps_v1,2025-12-20T17:03:04+00:00
MACI,universe_midcaps_v1,2025-12-20T17:03:04+00:00
MAGH,universe_midcaps_v1,2025-12-20T17:03:04+00:00
MAGN,universe_midcaps_v1,2025-12-20T17:03:04+00:00
MAIA,universe_midcaps_v1,2025-12-20T17:03:04+00:00
MAIN,universe_midcaps_v1,2025-12-20T17:03:04+00:00
MAMA,universe_midcaps_v1,2025-12-20T17:03:04+00:00
MAMK,universe_midcaps_v1,2025-12-20T17:03:04+00:00
MAMO,universe_midcaps_v1,2025-12-20T17:03:04+00:00
MAN,universe_midcaps_v1,2025-12-20T17:03:04+00:00
MANU,universe_midcaps_v1,2025-12-20T17:03:04+00:00
MARA,universe_midcaps_v1,2025-12-20T17:03:04+00:00
MARPS,universe_midcaps_v1,2025-12-20T17:03:04+00:00
MASI,universe_midcaps_v1,2025-12-20T17:03:04+00:00
MASS,universe_midcaps_v1,2025-12-20T17:03:04+00:00
MAT,universe_midcaps_v1,2025-12-20T17:03:04+00:00
MATH,universe_midcaps_v1,2025-12-20T17:03:04+00:00
MATV,universe_midcaps_v1,2025-12-20T17:03:04+00:00
MATW,universe_midcaps_v1,2025-12-20T17:03:04+00:00
MATX,universe_midcaps_v1,2025-12-20T17:03:04+00:00
MAX,universe_midcaps_v1,2025-12-20T17:03:04+00:00
MAXN,universe_midcaps_v1,2025-12-20T17:03:04+00:00
MAYS,universe_midcaps_v1,2025-12-20T17:03:04+00:00
MAZE,universe_midcaps_v1,2025-12-20T17:03:04+00:00
MB,universe_midcaps_v1,2025-12-20T17:03:04+00:00
MBAI,universe_midcaps_v1,2025-12-20T17:03:04+00:00
MBAV,universe_midcaps_v1,2025-12-20T17:03:04+00:00
MBBC,universe_midcaps_v1,2025-12-20T17:03:04+00:00
MBC,universe_midcaps_v1,2025-12-20T17:03:04+00:00
MBCN,universe_midcaps_v1,2025-12-20T17:03:04+00:00
MBI,universe_midcaps_v1,2025-12-20T17:03:04+00:00
MBIN,universe_midcaps_v1,2025-12-20T17:03:04+00:00
MBIO,universe_midcaps_v1,2025-12-20T17:03:04+00:00
MBLY,universe_midcaps_v1,2025-12-20T17:03:04+00:00
MBOT,universe_midcaps_v1,2025-12-20T17:03:04+00:00
MBRX,universe_midcaps_v1,2025-12-20T17:03:04+00:00
MBUU,universe_midcaps_v1,2025-12-20T17:03:04+00:00
MBVI,universe_midcaps_v1,2025-12-20T17:03:04+00:00
MBWM,universe_midcaps_v1,2025-12-20T17:03:04+00:00
MBX,universe_midcaps_v1,2025-12-20T17:03:04+00:00
MC,universe_midcaps_v1,2025-12-20T17:03:04+00:00
MCB,universe_midcaps_v1,2025-12-20T17:03:04+00:00
MCBS,universe_midcaps_v1,2025-12-20T17:03:04+00:00
MCFT,universe_midcaps_v1,2025-12-20T17:03:04+00:00
MCGA,universe_midcaps_v1,2025-12-20T17:03:04+00:00
MCHB,universe_midcaps_v1,2025-12-20T17:03:04+00:00
MCHX,universe_midcaps_v1,2025-12-20T17:03:04+00:00
MCRB,universe_midcaps_v1,2025-12-20T17:03:04+00:00
MCRI,universe_midcaps_v1,2025-12-20T17:03:04+00:00
MCRP,universe_midcaps_v1,2025-12-20T17:03:04+00:00
MCS,universe_midcaps_v1,2025-12-20T17:03:04+00:00
MCW,universe_midcaps_v1,2025-12-20T17:03:04+00:00
MCY,universe_midcaps_v1,2025-12-20T17:03:04+00:00
MD,universe_midcaps_v1,2025-12-20T17:03:04+00:00
MDAI,universe_midcaps_v1,2025-12-20T17:03:04+00:00
MDBH,universe_midcaps_v1,2025-12-20T17:03:04+00:00
MDCX,universe_midcaps_v1,2025-12-20T17:03:04+00:00
MDRR,universe_midcaps_v1,2025-12-20T17:03:04+00:00
MDU,universe_midcaps_v1,2025-12-20T17:03:04+00:00
MDV,universe_midcaps_v1,2025-12-20T17:03:04+00:00
MDWD,universe_midcaps_v1,2025-12-20T17:03:04+00:00
MDXG,universe_midcaps_v1,2025-12-20T17:03:04+00:00
MDXH,universe_midcaps_v1,2025-12-20T17:03:04+00:00
MEC,universe_midcaps_v1,2025-12-20T17:03:04+00:00
MED,universe_midcaps_v1,2025-12-20T17:03:04+00:00
MEG,universe_midcaps_v1,2025-12-20T17:03:04+00:00
MEGL,universe_midcaps_v1,2025-12-20T17:03:04+00:00
MEI,universe_midcaps_v1,2025-12-20T17:03:04+00:00
MENS,universe_midcaps_v1,2025-12-20T17:03:04+00:00
MEOH,universe_midcaps_v1,2025-12-20T17:03:04+00:00
MERC,universe_midcaps_v1,2025-12-20T17:03:04+00:00
MESHU,universe_midcaps_v1,2025-12-20T17:03:04+00:00
MESO,universe_midcaps_v1,2025-12-20T17:03:04+00:00
METC,universe_midcaps_v1,2025-12-20T17:03:04+00:00
MFA,universe_midcaps_v1,2025-12-20T17:03:04+00:00
MFI,universe_midcaps_v1,2025-12-20T17:03:04+00:00
MFIC,universe_midcaps_v1,2025-12-20T17:03:04+00:00
MFIN,universe_midcaps_v1,2025-12-20T17:03:04+00:00
MG,universe_midcaps_v1,2025-12-20T17:03:04+00:00
MGEE,universe_midcaps_v1,2025-12-20T17:03:04+00:00
MGIC,universe_midcaps_v1,2025-12-20T17:03:04+00:00
MGIH,universe_midcaps_v1,2025-12-20T17:03:04+00:00
MGLD,universe_midcaps_v1,2025-12-20T17:03:04+00:00
MGN,universe_midcaps_v1,2025-12-20T17:03:04+00:00
MGNI,universe_midcaps_v1,2025-12-20T17:03:04+00:00
MGNX,universe_midcaps_v1,2025-12-20T17:03:04+00:00
MGPI,universe_midcaps_v1,2025-12-20T17:03:04+00:00
MGRC,universe_midcaps_v1,2025-12-20T17:03:04+00:00
MGRT,universe_midcaps_v1,2025-12-20T17:03:04+00:00
MGTX,universe_midcaps_v1,2025-12-20T17:03:04+00:00
MGX,universe_midcaps_v1,2025-12-20T17:03:04+00:00
MGY,universe_midcaps_v1,2025-12-20T17:03:04+00:00
MGYR,universe_midcaps_v1,2025-12-20T17:03:04+00:00
MH,universe_midcaps_v1,2025-12-20T17:03:04+00:00
MHH,universe_midcaps_v1,2025-12-20T17:03:04+00:00
MHK,universe_midcaps_v1,2025-12-20T17:03:04+00:00
MHO,universe_midcaps_v1,2025-12-20T17:03:04+00:00
MHUA,universe_midcaps_v1,2025-12-20T17:03:04+00:00
MI,universe_midcaps_v1,2025-12-20T17:03:04+00:00
MIAX,universe_midcaps_v1,2025-12-20T17:03:04+00:00
MICC,universe_midcaps_v1,2025-12-20T17:03:04+00:00
MIDD,universe_midcaps_v1,2025-12-20T17:03:04+00:00
MIGI,universe_midcaps_v1,2025-12-20T17:03:04+00:00
MIND,universe_midcaps_v1,2025-12-20T17:03:04+00:00
MIR,universe_midcaps_v1,2025-12-20T17:03:04+00:00
MIRA,universe_midcaps_v1,2025-12-20T17:03:04+00:00
MIRM,universe_midcaps_v1,2025-12-20T17:03:04+00:00
MIST,universe_midcaps_v1,2025-12-20T17:03:04+00:00
MITK,universe_midcaps_v1,2025-12-20T17:03:04+00:00
MITT,universe_midcaps_v1,2025-12-20T17:03:04+00:00
MKLY,universe_midcaps_v1,2025-12-20T17:03:04+00:00
MKTW,universe_midcaps_v1,2025-12-20T17:03:04+00:00
MKTX,universe_midcaps_v1,2025-12-20T17:03:04+00:00
MKZR,universe_midcaps_v1,2025-12-20T17:03:04+00:00
MLAB,universe_midcaps_v1,2025-12-20T17:03:04+00:00
MLAC,universe_midcaps_v1,2025-12-20T17:03:04+00:00
MLCI,universe_midcaps_v1,2025-12-20T17:03:04+00:00
MLCO,universe_midcaps_v1,2025-12-20T17:03:04+00:00
MLGO,universe_midcaps_v1,2025-12-20T17:03:04+00:00
MLKN,universe_midcaps_v1,2025-12-20T17:03:04+00:00
MLP,universe_midcaps_v1,2025-12-20T17:03:04+00:00
MLR,universe_midcaps_v1,2025-12-20T17:03:04+00:00
MLTX,universe_midcaps_v1,2025-12-20T17:03:04+00:00
MLYS,universe_midcaps_v1,2025-12-20T17:03:04+00:00
MMA,universe_midcaps_v1,2025-12-20T17:03:04+00:00
MMI,universe_midcaps_v1,2025-12-20T17:03:04+00:00
MMLP,universe_midcaps_v1,2025-12-20T17:03:04+00:00
MMS,universe_midcaps_v1,2025-12-20T17:03:04+00:00
MMSI,universe_midcaps_v1,2025-12-20T17:03:04+00:00
MMTX,universe_midcaps_v1,2025-12-20T17:03:04+00:00
MMTXU,universe_midcaps_v1,2025-12-20T17:03:04+00:00
MMYT,universe_midcaps_v1,2025-12-20T17:03:04+00:00
MNDO,universe_midcaps_v1,2025-12-20T17:03:04+00:00
MNDR,universe_midcaps_v1,2025-12-20T17:03:04+00:00
MNDY,universe_midcaps_v1,2025-12-20T17:03:04+00:00
MNKD,universe_midcaps_v1,2025-12-20T17:03:04+00:00
MNMD,universe_midcaps_v1,2025-12-20T17:03:04+00:00
MNOV,universe_midcaps_v1,2025-12-20T17:03:04+00:00
MNPR,universe_midcaps_v1,2025-12-20T17:03:04+00:00
MNR,universe_midcaps_v1,2025-12-20T17:03:04+00:00
MNRO,universe_midcaps_v1,2025-12-20T17:03:04+00:00
MNSB,universe_midcaps_v1,2025-12-20T17:03:04+00:00
MNSO,universe_midcaps_v1,2025-12-20T17:03:04+00:00
MNTK,universe_midcaps_v1,2025-12-20T17:03:04+00:00
MNTN,universe_midcaps_v1,2025-12-20T17:03:04+00:00
MNTS,universe_midcaps_v1,2025-12-20T17:03:04+00:00
MNY,universe_midcaps_v1,2025-12-20T17:03:04+00:00
MOB,universe_midcaps_v1,2025-12-20T17:03:04+00:00
MOD,universe_midcaps_v1,2025-12-20T17:03:04+00:00
MODG,universe_midcaps_v1,2025-12-20T17:03:04+00:00
MOFG,universe_midcaps_v1,2025-12-20T17:03:04+00:00
MOG-A,universe_midcaps_v1,2025-12-20T17:03:04+00:00
MOGO,universe_midcaps_v1,2025-12-20T17:03:04+00:00
MOGU,universe_midcaps_v1,2025-12-20T17:03:04+00:00
MOH,universe_midcaps_v1,2025-12-20T17:03:04+00:00
MOLN,universe_midcaps_v1,2025-12-20T17:03:04+00:00
MOMO,universe_midcaps_v1,2025-12-20T17:03:04+00:00
MORN,universe_midcaps_v1,2025-12-20T17:03:04+00:00
MOS,universe_midcaps_v1,2025-12-20T17:03:04+00:00
MOV,universe_midcaps_v1,2025-12-20T17:03:04+00:00
MOVE,universe_midcaps_v1,2025-12-20T17:03:04+00:00
MP,universe_midcaps_v1,2025-12-20T17:03:04+00:00
MPAA,universe_midcaps_v1,2025-12-20T17:03:04+00:00
MPB,universe_midcaps_v1,2025-12-20T17:03:04+00:00
MPLT,universe_midcaps_v1,2025-12-20T17:03:04+00:00
MPTI,universe_midcaps_v1,2025-12-20T17:03:04+00:00
MPU,universe_midcaps_v1,2025-12-20T17:03:04+00:00
MPW,universe_midcaps_v1,2025-12-20T17:03:04+00:00
MPX,universe_midcaps_v1,2025-12-20T17:03:04+00:00
MQ,universe_midcaps_v1,2025-12-20T17:03:04+00:00
MRAM,universe_midcaps_v1,2025-12-20T17:03:04+00:00
MRBK,universe_midcaps_v1,2025-12-20T17:03:04+00:00
MRCC,universe_midcaps_v1,2025-12-20T17:03:04+00:00
MRCY,universe_midcaps_v1,2025-12-20T17:03:04+00:00
MREO,universe_midcaps_v1,2025-12-20T17:03:04+00:00
MRKR,universe_midcaps_v1,2025-12-20T17:03:04+00:00
MRM,universe_midcaps_v1,2025-12-20T17:03:04+00:00
MRP,universe_midcaps_v1,2025-12-20T17:03:04+00:00
MRSN,universe_midcaps_v1,2025-12-20T17:03:04+00:00
MRT,universe_midcaps_v1,2025-12-20T17:03:04+00:00
MRTN,universe_midcaps_v1,2025-12-20T17:03:04+00:00
MRUS,universe_midcaps_v1,2025-12-20T17:03:04+00:00
MRVI,universe_midcaps_v1,2025-12-20T17:03:04+00:00
MRX,universe_midcaps_v1,2025-12-20T17:03:04+00:00
MSA,universe_midcaps_v1,2025-12-20T17:03:04+00:00
MSB,universe_midcaps_v1,2025-12-20T17:03:04+00:00
MSBI,universe_midcaps_v1,2025-12-20T17:03:04+00:00
MSC,universe_midcaps_v1,2025-12-20T17:03:04+00:00
MSDL,universe_midcaps_v1,2025-12-20T17:03:04+00:00
MSEX,universe_midcaps_v1,2025-12-20T17:03:04+00:00
MSGE,universe_midcaps_v1,2025-12-20T17:03:04+00:00
MSGM,universe_midcaps_v1,2025-12-20T17:03:04+00:00
MSGS,universe_midcaps_v1,2025-12-20T17:03:04+00:00
MSGY,universe_midcaps_v1,2025-12-20T17:03:04+00:00
MSIF,universe_midcaps_v1,2025-12-20T17:03:04+00:00
MSM,universe_midcaps_v1,2025-12-20T17:03:04+00:00
MSW,universe_midcaps_v1,2025-12-20T17:03:04+00:00
MTA,universe_midcaps_v1,2025-12-20T17:03:04+00:00
MTC,universe_midcaps_v1,2025-12-20T17:03:04+00:00
MTCH,universe_midcaps_v1,2025-12-20T17:03:04+00:00
MTDR,universe_midcaps_v1,2025-12-20T17:03:04+00:00
MTEK,universe_midcaps_v1,2025-12-20T17:03:04+00:00
MTEX,universe_midcaps_v1,2025-12-20T17:03:04+00:00
MTG,universe_midcaps_v1,2025-12-20T17:03:04+00:00
MTH,universe_midcaps_v1,2025-12-20T17:03:04+00:00
MTLS,universe_midcaps_v1,2025-12-20T17:03:04+00:00
MTN,universe_midcaps_v1,2025-12-20T17:03:04+00:00
MTR,universe_midcaps_v1,2025-12-20T17:03:04+00:00
MTRN,universe_midcaps_v1,2025-12-20T17:03:04+00:00
MTRX,universe_midcaps_v1,2025-12-20T17:03:04+00:00
MTUS,universe_midcaps_v1,2025-12-20T17:03:04+00:00
MTVA,universe_midcaps_v1,2025-12-20T17:03:04+00:00
MTW,universe_midcaps_v1,2025-12-20T17:03:04+00:00
MTX,universe_midcaps_v1,2025-12-20T17:03:04+00:00
MUR,universe_midcaps_v1,2025-12-20T17:03:04+00:00
MURA,universe_midcaps_v1,2025-12-20T17:03:04+00:00
MUSA,universe_midcaps_v1,2025-12-20T17:03:04+00:00
MUX,universe_midcaps_v1,2025-12-20T17:03:04+00:00
MVBF,universe_midcaps_v1,2025-12-20T17:03:04+00:00
MVO,universe_midcaps_v1,2025-12-20T17:03:04+00:00
MVST,universe_midcaps_v1,2025-12-20T17:03:04+00:00
MWA,universe_midcaps_v1,2025-12-20T17:03:04+00:00
MX,universe_midcaps_v1,2025-12-20T17:03:04+00:00
MXC,universe_midcaps_v1,2025-12-20T17:03:04+00:00
MXCT,universe_midcaps_v1,2025-12-20T17:03:04+00:00
MXL,universe_midcaps_v1,2025-12-20T17:03:04+00:00
MYE,universe_midcaps_v1,2025-12-20T17:03:04+00:00
MYFW,universe_midcaps_v1,2025-12-20T17:03:04+00:00
MYGN,universe_midcaps_v1,2025-12-20T17:03:04+00:00
MYNZ,universe_midcaps_v1,2025-12-20T17:03:04+00:00
MYRG,universe_midcaps_v1,2025-12-20T17:03:04+00:00
MYSE,universe_midcaps_v1,2025-12-20T17:03:04+00:00
MZTI,universe_midcaps_v1,2025-12-20T17:03:04+00:00
NA,universe_midcaps_v1,2025-12-20T17:03:04+00:00
NAAS,universe_midcaps_v1,2025-12-20T17:03:04+00:00
NABL,universe_midcaps_v1,2025-12-20T17:03:04+00:00
NAGE,universe_midcaps_v1,2025-12-20T17:03:04+00:00
NAII,universe_midcaps_v1,2025-12-20T17:03:04+00:00
NAK,universe_midcaps_v1,2025-12-20T17:03:04+00:00
NAMM,universe_midcaps_v1,2025-12-20T17:03:04+00:00
NAMS,universe_midcaps_v1,2025-12-20T17:03:04+00:00
NAT,universe_midcaps_v1,2025-12-20T17:03:04+00:00
NATH,universe_midcaps_v1,2025-12-20T17:03:04+00:00
NATL,universe_midcaps_v1,2025-12-20T17:03:04+00:00
NATR,universe_midcaps_v1,2025-12-20T17:03:04+00:00
NAUT,universe_midcaps_v1,2025-12-20T17:03:04+00:00
NAVI,universe_midcaps_v1,2025-12-20T17:03:04+00:00
NAVN,universe_midcaps_v1,2025-12-20T17:03:04+00:00
NB,universe_midcaps_v1,2025-12-20T17:03:04+00:00
NBBK,universe_midcaps_v1,2025-12-20T17:03:04+00:00
NBHC,universe_midcaps_v1,2025-12-20T17:03:04+00:00
NBN,universe_midcaps_v1,2025-12-20T17:03:04+00:00
NBP,universe_midcaps_v1,2025-12-20T17:03:04+00:00
NBR,universe_midcaps_v1,2025-12-20T17:03:04+00:00
NBTB,universe_midcaps_v1,2025-12-20T17:03:04+00:00
NBTX,universe_midcaps_v1,2025-12-20T17:03:04+00:00
NBY,universe_midcaps_v1,2025-12-20T17:03:04+00:00
NC,universe_midcaps_v1,2025-12-20T17:03:04+00:00
NCDL,universe_midcaps_v1,2025-12-20T17:03:04+00:00
NCEL,universe_midcaps_v1,2025-12-20T17:03:04+00:00
NCEW,universe_midcaps_v1,2025-12-20T17:03:04+00:00
NCI,universe_midcaps_v1,2025-12-20T17:03:04+00:00
NCMI,universe_midcaps_v1,2025-12-20T17:03:04+00:00
NCNA,universe_midcaps_v1,2025-12-20T17:03:04+00:00
NCNO,universe_midcaps_v1,2025-12-20T17:03:04+00:00
NCSM,universe_midcaps_v1,2025-12-20T17:03:04+00:00
NCTY,universe_midcaps_v1,2025-12-20T17:03:04+00:00
NDRA,universe_midcaps_v1,2025-12-20T17:03:04+00:00
NE,universe_midcaps_v1,2025-12-20T17:03:04+00:00
NECB,universe_midcaps_v1,2025-12-20T17:03:04+00:00
NEGG,universe_midcaps_v1,2025-12-20T17:03:04+00:00
NEN,universe_midcaps_v1,2025-12-20T17:03:04+00:00
NEO,universe_midcaps_v1,2025-12-20T17:03:04+00:00
NEOG,universe_midcaps_v1,2025-12-20T17:03:04+00:00
NEON,universe_midcaps_v1,2025-12-20T17:03:04+00:00
NEOV,universe_midcaps_v1,2025-12-20T17:03:04+00:00
NEPH,universe_midcaps_v1,2025-12-20T17:03:04+00:00
NERV,universe_midcaps_v1,2025-12-20T17:03:04+00:00
NESR,universe_midcaps_v1,2025-12-20T17:03:04+00:00
NEU,universe_midcaps_v1,2025-12-20T17:03:04+00:00
NEUP,universe_midcaps_v1,2025-12-20T17:03:04+00:00
NEWP,universe_midcaps_v1,2025-12-20T17:03:04+00:00
NEWT,universe_midcaps_v1,2025-12-20T17:03:04+00:00
NEXA,universe_midcaps_v1,2025-12-20T17:03:04+00:00
NEXM,universe_midcaps_v1,2025-12-20T17:03:04+00:00
NEXN,universe_midcaps_v1,2025-12-20T17:03:04+00:00
NEXT,universe_midcaps_v1,2025-12-20T17:03:04+00:00
NFBK,universe_midcaps_v1,2025-12-20T17:03:04+00:00
NFE,universe_midcaps_v1,2025-12-20T17:03:04+00:00
NFG,universe_midcaps_v1,2025-12-20T17:03:04+00:00
NFGC,universe_midcaps_v1,2025-12-20T17:03:04+00:00
NG,universe_midcaps_v1,2025-12-20T17:03:04+00:00
NGD,universe_midcaps_v1,2025-12-20T17:03:04+00:00
NGL,universe_midcaps_v1,2025-12-20T17:03:04+00:00
NGNE,universe_midcaps_v1,2025-12-20T17:03:04+00:00
NGS,universe_midcaps_v1,2025-12-20T17:03:04+00:00
NGVC,universe_midcaps_v1,2025-12-20T17:03:04+00:00
NGVT,universe_midcaps_v1,2025-12-20T17:03:04+00:00
NHC,universe_midcaps_v1,2025-12-20T17:03:04+00:00
NHI,universe_midcaps_v1,2025-12-20T17:03:04+00:00
NHIC,universe_midcaps_v1,2025-12-20T17:03:04+00:00
NHTC,universe_midcaps_v1,2025-12-20T17:03:04+00:00
NIC,universe_midcaps_v1,2025-12-20T17:03:04+00:00
NICE,universe_midcaps_v1,2025-12-20T17:03:04+00:00
NIPG,universe_midcaps_v1,2025-12-20T17:03:04+00:00
NISN,universe_midcaps_v1,2025-12-20T17:03:04+00:00
NITO,universe_midcaps_v1,2025-12-20T17:03:04+00:00
NIU,universe_midcaps_v1,2025-12-20T17:03:04+00:00
NIXX,universe_midcaps_v1,2025-12-20T17:03:04+00:00
NJR,universe_midcaps_v1,2025-12-20T17:03:04+00:00
NKLR,universe_midcaps_v1,2025-12-20T17:03:04+00:00
NKSH,universe_midcaps_v1,2025-12-20T17:03:04+00:00
NKTR,universe_midcaps_v1,2025-12-20T17:03:04+00:00
NKTX,universe_midcaps_v1,2025-12-20T17:03:04+00:00
NL,universe_midcaps_v1,2025-12-20T17:03:04+00:00
NLOP,universe_midcaps_v1,2025-12-20T17:03:04+00:00
NMAI,universe_midcaps_v1,2025-12-20T17:03:04+00:00
NMAX,universe_midcaps_v1,2025-12-20T17:03:04+00:00
NMFC,universe_midcaps_v1,2025-12-20T17:03:04+00:00
NMG,universe_midcaps_v1,2025-12-20T17:03:04+00:00
NMIH,universe_midcaps_v1,2025-12-20T17:03:04+00:00
NMM,universe_midcaps_v1,2025-12-20T17:03:04+00:00
NMP,universe_midcaps_v1,2025-12-20T17:03:04+00:00
NMRA,universe_midcaps_v1,2025-12-20T17:03:04+00:00
NMRK,universe_midcaps_v1,2025-12-20T17:03:04+00:00
NN,universe_midcaps_v1,2025-12-20T17:03:04+00:00
NNBR,universe_midcaps_v1,2025-12-20T17:03:04+00:00
NNDM,universe_midcaps_v1,2025-12-20T17:03:04+00:00
NNE,universe_midcaps_v1,2025-12-20T17:03:04+00:00
NNI,universe_midcaps_v1,2025-12-20T17:03:04+00:00
NNN,universe_midcaps_v1,2025-12-20T17:03:04+00:00
NNNN,universe_midcaps_v1,2025-12-20T17:03:04+00:00
NNOX,universe_midcaps_v1,2025-12-20T17:03:04+00:00
NNVC,universe_midcaps_v1,2025-12-20T17:03:04+00:00
NOA,universe_midcaps_v1,2025-12-20T17:03:04+00:00
NOAH,universe_midcaps_v1,2025-12-20T17:03:04+00:00
NODK,universe_midcaps_v1,2025-12-20T17:03:04+00:00
NOEM,universe_midcaps_v1,2025-12-20T17:03:04+00:00
NOG,universe_midcaps_v1,2025-12-20T17:03:04+00:00
NOMA,universe_midcaps_v1,2025-12-20T17:03:04+00:00
NOMD,universe_midcaps_v1,2025-12-20T17:03:04+00:00
NOTE,universe_midcaps_v1,2025-12-20T17:03:04+00:00
NOV,universe_midcaps_v1,2025-12-20T17:03:04+00:00
NOVT,universe_midcaps_v1,2025-12-20T17:03:04+00:00
NP,universe_midcaps_v1,2025-12-20T17:03:04+00:00
NPAC,universe_midcaps_v1,2025-12-20T17:03:04+00:00
NPB,universe_midcaps_v1,2025-12-20T17:03:04+00:00
NPCE,universe_midcaps_v1,2025-12-20T17:03:04+00:00
NPK,universe_midcaps_v1,2025-12-20T17:03:04+00:00
NPKI,universe_midcaps_v1,2025-12-20T17:03:04+00:00
NPO,universe_midcaps_v1,2025-12-20T17:03:04+00:00
NPT,universe_midcaps_v1,2025-12-20T17:03:04+00:00
NPWR,universe_midcaps_v1,2025-12-20T17:03:04+00:00
NRC,universe_midcaps_v1,2025-12-20T17:03:04+00:00
NRDS,universe_midcaps_v1,2025-12-20T17:03:04+00:00
NRDY,universe_midcaps_v1,2025-12-20T17:03:04+00:00
NREF,universe_midcaps_v1,2025-12-20T17:03:04+00:00
NRGV,universe_midcaps_v1,2025-12-20T17:03:04+00:00
NRIM,universe_midcaps_v1,2025-12-20T17:03:04+00:00
NRIX,universe_midcaps_v1,2025-12-20T17:03:04+00:00
NRP,universe_midcaps_v1,2025-12-20T17:03:04+00:00
NRT,universe_midcaps_v1,2025-12-20T17:03:04+00:00
NRXP,universe_midcaps_v1,2025-12-20T17:03:04+00:00
NRXS,universe_midcaps_v1,2025-12-20T17:03:04+00:00
NSA,universe_midcaps_v1,2025-12-20T17:03:04+00:00
NSIT,universe_midcaps_v1,2025-12-20T17:03:04+00:00
NSP,universe_midcaps_v1,2025-12-20T17:03:04+00:00
NSPR,universe_midcaps_v1,2025-12-20T17:03:04+00:00
NSRX,universe_midcaps_v1,2025-12-20T17:03:04+00:00
NSSC,universe_midcaps_v1,2025-12-20T17:03:04+00:00
NSTS,universe_midcaps_v1,2025-12-20T17:03:04+00:00
NSYS,universe_midcaps_v1,2025-12-20T17:03:04+00:00
NTB,universe_midcaps_v1,2025-12-20T17:03:04+00:00
NTCT,universe_midcaps_v1,2025-12-20T17:03:04+00:00
NTGR,universe_midcaps_v1,2025-12-20T17:03:04+00:00
NTHI,universe_midcaps_v1,2025-12-20T17:03:04+00:00
NTIC,universe_midcaps_v1,2025-12-20T17:03:04+00:00
NTIP,universe_midcaps_v1,2025-12-20T17:03:04+00:00
NTLA,universe_midcaps_v1,2025-12-20T17:03:04+00:00
NTRB,universe_midcaps_v1,2025-12-20T17:03:04+00:00
NTRP,universe_midcaps_v1,2025-12-20T17:03:04+00:00
NTSK,universe_midcaps_v1,2025-12-20T17:03:04+00:00
NTST,universe_midcaps_v1,2025-12-20T17:03:04+00:00
NTWK,universe_midcaps_v1,2025-12-20T17:03:04+00:00
NTWO,universe_midcaps_v1,2025-12-20T17:03:04+00:00
NTZ,universe_midcaps_v1,2025-12-20T17:03:04+00:00
NUAI,universe_midcaps_v1,2025-12-20T17:03:04+00:00
NUKK,universe_midcaps_v1,2025-12-20T17:03:04+00:00
NUS,universe_midcaps_v1,2025-12-20T17:03:04+00:00
NUTX,universe_midcaps_v1,2025-12-20T17:03:04+00:00
NUVB,universe_midcaps_v1,2025-12-20T17:03:04+00:00
NUVL,universe_midcaps_v1,2025-12-20T17:03:04+00:00
NUWE,universe_midcaps_v1,2025-12-20T17:03:04+00:00
NVA,universe_midcaps_v1,2025-12-20T17:03:04+00:00
NVAX,universe_midcaps_v1,2025-12-20T17:03:04+00:00
NVCR,universe_midcaps_v1,2025-12-20T17:03:04+00:00
NVCT,universe_midcaps_v1,2025-12-20T17:03:04+00:00
NVEC,universe_midcaps_v1,2025-12-20T17:03:04+00:00
NVGS,universe_midcaps_v1,2025-12-20T17:03:04+00:00
NVMI,universe_midcaps_v1,2025-12-20T17:03:04+00:00
NVNI,universe_midcaps_v1,2025-12-20T17:03:04+00:00
NVRI,universe_midcaps_v1,2025-12-20T17:03:04+00:00
NVST,universe_midcaps_v1,2025-12-20T17:03:04+00:00
NVTS,universe_midcaps_v1,2025-12-20T17:03:04+00:00
NVVE,universe_midcaps_v1,2025-12-20T17:03:04+00:00
NVX,universe_midcaps_v1,2025-12-20T17:03:04+00:00
NWAX-U,universe_midcaps_v1,2025-12-20T17:03:04+00:00
NWBI,universe_midcaps_v1,2025-12-20T17:03:04+00:00
NWE,universe_midcaps_v1,2025-12-20T17:03:04+00:00
NWFL,universe_midcaps_v1,2025-12-20T17:03:04+00:00
NWGL,universe_midcaps_v1,2025-12-20T17:03:04+00:00
NWL,universe_midcaps_v1,2025-12-20T17:03:04+00:00
NWN,universe_midcaps_v1,2025-12-20T17:03:04+00:00
NWPX,universe_midcaps_v1,2025-12-20T17:03:04+00:00
NWTG,universe_midcaps_v1,2025-12-20T17:03:04+00:00
NX,universe_midcaps_v1,2025-12-20T17:03:04+00:00
NXDR,universe_midcaps_v1,2025-12-20T17:03:04+00:00
NXDT,universe_midcaps_v1,2025-12-20T17:03:04+00:00
NXE,universe_midcaps_v1,2025-12-20T17:03:04+00:00
NXGL,universe_midcaps_v1,2025-12-20T17:03:04+00:00
NXRT,universe_midcaps_v1,2025-12-20T17:03:04+00:00
NXST,universe_midcaps_v1,2025-12-20T17:03:04+00:00
NXTC,universe_midcaps_v1,2025-12-20T17:03:04+00:00
NXTT,universe_midcaps_v1,2025-12-20T17:03:04+00:00
NXXT,universe_midcaps_v1,2025-12-20T17:03:04+00:00
NYAX,universe_midcaps_v1,2025-12-20T17:03:04+00:00
NYC,universe_midcaps_v1,2025-12-20T17:03:04+00:00
NYXH,universe_midcaps_v1,2025-12-20T17:03:04+00:00
OABI,universe_midcaps_v1,2025-12-20T17:03:04+00:00
OACC,universe_midcaps_v1,2025-12-20T17:03:04+00:00
OAKU,universe_midcaps_v1,2025-12-20T17:03:04+00:00
OBA,universe_midcaps_v1,2025-12-20T17:03:04+00:00
OBDC,universe_midcaps_v1,2025-12-20T17:03:04+00:00
OBE,universe_midcaps_v1,2025-12-20T17:03:04+00:00
OBIO,universe_midcaps_v1,2025-12-20T17:03:04+00:00
OBK,universe_midcaps_v1,2025-12-20T17:03:04+00:00
OBT,universe_midcaps_v1,2025-12-20T17:03:04+00:00
OC,universe_midcaps_v1,2025-12-20T17:03:04+00:00
OCC,universe_midcaps_v1,2025-12-20T17:03:04+00:00
OCFC,universe_midcaps_v1,2025-12-20T17:03:04+00:00
OCGN,universe_midcaps_v1,2025-12-20T17:03:04+00:00
OCS,universe_midcaps_v1,2025-12-20T17:03:04+00:00
OCSL,universe_midcaps_v1,2025-12-20T17:03:04+00:00
OCUL,universe_midcaps_v1,2025-12-20T17:03:04+00:00
ODC,universe_midcaps_v1,2025-12-20T17:03:04+00:00
ODD,universe_midcaps_v1,2025-12-20T17:03:04+00:00
ODP,universe_midcaps_v1,2025-12-20T17:03:04+00:00
ODV,universe_midcaps_v1,2025-12-20T17:03:04+00:00
ODYS,universe_midcaps_v1,2025-12-20T17:03:04+00:00
OEC,universe_midcaps_v1,2025-12-20T17:03:04+00:00
OESX,universe_midcaps_v1,2025-12-20T17:03:04+00:00
OFG,universe_midcaps_v1,2025-12-20T17:03:04+00:00
OFIX,universe_midcaps_v1,2025-12-20T17:03:04+00:00
OFLX,universe_midcaps_v1,2025-12-20T17:03:04+00:00
OFS,universe_midcaps_v1,2025-12-20T17:03:04+00:00
OGE,universe_midcaps_v1,2025-12-20T17:03:04+00:00
OGI,universe_midcaps_v1,2025-12-20T17:03:04+00:00
OGN,universe_midcaps_v1,2025-12-20T17:03:04+00:00
OGS,universe_midcaps_v1,2025-12-20T17:03:04+00:00
OI,universe_midcaps_v1,2025-12-20T17:03:04+00:00
OII,universe_midcaps_v1,2025-12-20T17:03:04+00:00
OIS,universe_midcaps_v1,2025-12-20T17:03:04+00:00
OKUR,universe_midcaps_v1,2025-12-20T17:03:04+00:00
OKYO,universe_midcaps_v1,2025-12-20T17:03:04+00:00
OLED,universe_midcaps_v1,2025-12-20T17:03:04+00:00
OLLI,universe_midcaps_v1,2025-12-20T17:03:04+00:00
OLMA,universe_midcaps_v1,2025-12-20T17:03:04+00:00
OLN,universe_midcaps_v1,2025-12-20T17:03:04+00:00
OLP,universe_midcaps_v1,2025-12-20T17:03:04+00:00
OLPX,universe_midcaps_v1,2025-12-20T17:03:04+00:00
OM,universe_midcaps_v1,2025-12-20T17:03:04+00:00
OMAB,universe_midcaps_v1,2025-12-20T17:03:04+00:00
OMCC,universe_midcaps_v1,2025-12-20T17:03:04+00:00
OMCL,universe_midcaps_v1,2025-12-20T17:03:04+00:00
OMDA,universe_midcaps_v1,2025-12-20T17:03:04+00:00
OMER,universe_midcaps_v1,2025-12-20T17:03:04+00:00
OMEX,universe_midcaps_v1,2025-12-20T17:03:04+00:00
OMF,universe_midcaps_v1,2025-12-20T17:03:04+00:00
OMI,universe_midcaps_v1,2025-12-20T17:03:04+00:00
OMSE,universe_midcaps_v1,2025-12-20T17:03:04+00:00
ONB,universe_midcaps_v1,2025-12-20T17:03:04+00:00
ONCH,universe_midcaps_v1,2025-12-20T17:03:04+00:00
ONCO,universe_midcaps_v1,2025-12-20T17:03:04+00:00
ONCY,universe_midcaps_v1,2025-12-20T17:03:04+00:00
ONDS,universe_midcaps_v1,2025-12-20T17:03:04+00:00
ONEG,universe_midcaps_v1,2025-12-20T17:03:04+00:00
ONEW,universe_midcaps_v1,2025-12-20T17:03:04+00:00
ONIT,universe_midcaps_v1,2025-12-20T17:03:04+00:00
ONL,universe_midcaps_v1,2025-12-20T17:03:04+00:00
ONMD,universe_midcaps_v1,2025-12-20T17:03:04+00:00
ONTF,universe_midcaps_v1,2025-12-20T17:03:04+00:00
ONTO,universe_midcaps_v1,2025-12-20T17:03:04+00:00
OOMA,universe_midcaps_v1,2025-12-20T17:03:04+00:00
OPAD,universe_midcaps_v1,2025-12-20T17:03:04+00:00
OPAL,universe_midcaps_v1,2025-12-20T17:03:04+00:00
OPBK,universe_midcaps_v1,2025-12-20T17:03:04+00:00
OPCH,universe_midcaps_v1,2025-12-20T17:03:04+00:00
OPEN,universe_midcaps_v1,2025-12-20T17:03:04+00:00
OPFI,universe_midcaps_v1,2025-12-20T17:03:04+00:00
OPHC,universe_midcaps_v1,2025-12-20T17:03:04+00:00
OPK,universe_midcaps_v1,2025-12-20T17:03:04+00:00
OPRA,universe_midcaps_v1,2025-12-20T17:03:04+00:00
OPRT,universe_midcaps_v1,2025-12-20T17:03:04+00:00
OPRX,universe_midcaps_v1,2025-12-20T17:03:04+00:00
OPTU,universe_midcaps_v1,2025-12-20T17:03:04+00:00
OPTX,universe_midcaps_v1,2025-12-20T17:03:04+00:00
OPXS,universe_midcaps_v1,2025-12-20T17:03:04+00:00
OPY,universe_midcaps_v1,2025-12-20T17:03:04+00:00
OR,universe_midcaps_v1,2025-12-20T17:03:04+00:00
ORA,universe_midcaps_v1,2025-12-20T17:03:04+00:00
ORBS,universe_midcaps_v1,2025-12-20T17:03:04+00:00
ORC,universe_midcaps_v1,2025-12-20T17:03:04+00:00
ORGO,universe_midcaps_v1,2025-12-20T17:03:04+00:00
ORIC,universe_midcaps_v1,2025-12-20T17:03:04+00:00
ORIQ,universe_midcaps_v1,2025-12-20T17:03:04+00:00
ORKA,universe_midcaps_v1,2025-12-20T17:03:04+00:00
ORLA,universe_midcaps_v1,2025-12-20T17:03:04+00:00
ORMP,universe_midcaps_v1,2025-12-20T17:03:04+00:00
ORN,universe_midcaps_v1,2025-12-20T17:03:04+00:00
ORRF,universe_midcaps_v1,2025-12-20T17:03:04+00:00
OS,universe_midcaps_v1,2025-12-20T17:03:04+00:00
OSBC,universe_midcaps_v1,2025-12-20T17:03:04+00:00
OSCR,universe_midcaps_v1,2025-12-20T17:03:04+00:00
OSG,universe_midcaps_v1,2025-12-20T17:03:04+00:00
OSIS,universe_midcaps_v1,2025-12-20T17:03:04+00:00
OSK,universe_midcaps_v1,2025-12-20T17:03:04+00:00
OSPN,universe_midcaps_v1,2025-12-20T17:03:04+00:00
OSS,universe_midcaps_v1,2025-12-20T17:03:04+00:00
OSTX,universe_midcaps_v1,2025-12-20T17:03:04+00:00
OSUR,universe_midcaps_v1,2025-12-20T17:03:04+00:00
OSW,universe_midcaps_v1,2025-12-20T17:03:04+00:00
OTEX,universe_midcaps_v1,2025-12-20T17:03:04+00:00
OTF,universe_midcaps_v1,2025-12-20T17:03:04+00:00
OTGA,universe_midcaps_v1,2025-12-20T17:03:04+00:00
OTH,universe_midcaps_v1,2025-12-20T17:03:04+00:00
OTLK,universe_midcaps_v1,2025-12-20T17:03:04+00:00
OTLY,universe_midcaps_v1,2025-12-20T17:03:04+00:00
OTTR,universe_midcaps_v1,2025-12-20T17:03:04+00:00
OUST,universe_midcaps_v1,2025-12-20T17:03:04+00:00
OUT,universe_midcaps_v1,2025-12-20T17:03:04+00:00
OVBC,universe_midcaps_v1,2025-12-20T17:03:04+00:00
OVID,universe_midcaps_v1,2025-12-20T17:03:04+00:00
OVLY,universe_midcaps_v1,2025-12-20T17:03:04+00:00
OVV,universe_midcaps_v1,2025-12-20T17:03:04+00:00
OWLS,universe_midcaps_v1,2025-12-20T17:03:04+00:00
OWLT,universe_midcaps_v1,2025-12-20T17:03:04+00:00
OXBR,universe_midcaps_v1,2025-12-20T17:03:04+00:00
OXM,universe_midcaps_v1,2025-12-20T17:03:04+00:00
OXSQ,universe_midcaps_v1,2025-12-20T17:03:04+00:00
OYSE,universe_midcaps_v1,2025-12-20T17:03:04+00:00
OZ,universe_midcaps_v1,2025-12-20T17:03:04+00:00
OZK,universe_midcaps_v1,2025-12-20T17:03:04+00:00
PACB,universe_midcaps_v1,2025-12-20T17:03:04+00:00
PACH,universe_midcaps_v1,2025-12-20T17:03:04+00:00
PACK,universe_midcaps_v1,2025-12-20T17:03:04+00:00
PACS,universe_midcaps_v1,2025-12-20T17:03:04+00:00
PAGS,universe_midcaps_v1,2025-12-20T17:03:04+00:00
PAHC,universe_midcaps_v1,2025-12-20T17:03:04+00:00
PAII,universe_midcaps_v1,2025-12-20T17:03:04+00:00
PAL,universe_midcaps_v1,2025-12-20T17:03:04+00:00
PALI,universe_midcaps_v1,2025-12-20T17:03:04+00:00
PAM,universe_midcaps_v1,2025-12-20T17:03:04+00:00
PAMT,universe_midcaps_v1,2025-12-20T17:03:04+00:00
PANL,universe_midcaps_v1,2025-12-20T17:03:04+00:00
PAPL,universe_midcaps_v1,2025-12-20T17:03:04+00:00
PAR,universe_midcaps_v1,2025-12-20T17:03:04+00:00
PARK,universe_midcaps_v1,2025-12-20T17:03:04+00:00
PARR,universe_midcaps_v1,2025-12-20T17:03:04+00:00
PASG,universe_midcaps_v1,2025-12-20T17:03:04+00:00
PATH,universe_midcaps_v1,2025-12-20T17:03:04+00:00
PATK,universe_midcaps_v1,2025-12-20T17:03:04+00:00
PAVS,universe_midcaps_v1,2025-12-20T17:03:04+00:00
PAX,universe_midcaps_v1,2025-12-20T17:03:04+00:00
PAY,universe_midcaps_v1,2025-12-20T17:03:04+00:00
PAYC,universe_midcaps_v1,2025-12-20T17:03:04+00:00
PAYO,universe_midcaps_v1,2025-12-20T17:03:04+00:00
PAYS,universe_midcaps_v1,2025-12-20T17:03:04+00:00
PB,universe_midcaps_v1,2025-12-20T17:03:04+00:00
PBBK,universe_midcaps_v1,2025-12-20T17:03:04+00:00
PBF,universe_midcaps_v1,2025-12-20T17:03:04+00:00
PBFS,universe_midcaps_v1,2025-12-20T17:03:04+00:00
PBH,universe_midcaps_v1,2025-12-20T17:03:04+00:00
PBHC,universe_midcaps_v1,2025-12-20T17:03:04+00:00
PBI,universe_midcaps_v1,2025-12-20T17:03:04+00:00
PBM,universe_midcaps_v1,2025-12-20T17:03:04+00:00
PBT,universe_midcaps_v1,2025-12-20T17:03:04+00:00
PBYI,universe_midcaps_v1,2025-12-20T17:03:04+00:00
PCAP,universe_midcaps_v1,2025-12-20T17:03:04+00:00
PCB,universe_midcaps_v1,2025-12-20T17:03:04+00:00
PCH,universe_midcaps_v1,2025-12-20T17:03:04+00:00
PCRX,universe_midcaps_v1,2025-12-20T17:03:04+00:00
PCSA,universe_midcaps_v1,2025-12-20T17:03:04+00:00
PCSC,universe_midcaps_v1,2025-12-20T17:03:04+00:00
PCT,universe_midcaps_v1,2025-12-20T17:03:04+00:00
PCTY,universe_midcaps_v1,2025-12-20T17:03:04+00:00
PCVX,universe_midcaps_v1,2025-12-20T17:03:04+00:00
PCYO,universe_midcaps_v1,2025-12-20T17:03:04+00:00
PD,universe_midcaps_v1,2025-12-20T17:03:04+00:00
PDCC,universe_midcaps_v1,2025-12-20T17:03:04+00:00
PDEX,universe_midcaps_v1,2025-12-20T17:03:04+00:00
PDFS,universe_midcaps_v1,2025-12-20T17:03:04+00:00
PDLB,universe_midcaps_v1,2025-12-20T17:03:04+00:00
PDM,universe_midcaps_v1,2025-12-20T17:03:04+00:00
PDS,universe_midcaps_v1,2025-12-20T17:03:04+00:00
PDYN,universe_midcaps_v1,2025-12-20T17:03:04+00:00
PEB,universe_midcaps_v1,2025-12-20T17:03:04+00:00
PEBK,universe_midcaps_v1,2025-12-20T17:03:04+00:00
PEBO,universe_midcaps_v1,2025-12-20T17:03:04+00:00
PECO,universe_midcaps_v1,2025-12-20T17:03:04+00:00
PELI,universe_midcaps_v1,2025-12-20T17:03:04+00:00
PENG,universe_midcaps_v1,2025-12-20T17:03:04+00:00
PENN,universe_midcaps_v1,2025-12-20T17:03:04+00:00
PEPG,universe_midcaps_v1,2025-12-20T17:03:04+00:00
PERF,universe_midcaps_v1,2025-12-20T17:03:04+00:00
PERI,universe_midcaps_v1,2025-12-20T17:03:04+00:00
PESI,universe_midcaps_v1,2025-12-20T17:03:04+00:00
PETS,universe_midcaps_v1,2025-12-20T17:03:04+00:00
PEW,universe_midcaps_v1,2025-12-20T17:03:04+00:00
PFAI,universe_midcaps_v1,2025-12-20T17:03:04+00:00
PFBC,universe_midcaps_v1,2025-12-20T17:03:04+00:00
PFIS,universe_midcaps_v1,2025-12-20T17:03:04+00:00
PFLT,universe_midcaps_v1,2025-12-20T17:03:04+00:00
PFS,universe_midcaps_v1,2025-12-20T17:03:04+00:00
PFSI,universe_midcaps_v1,2025-12-20T17:03:04+00:00
PFX,universe_midcaps_v1,2025-12-20T17:03:04+00:00
PGAC,universe_midcaps_v1,2025-12-20T17:03:04+00:00
PGC,universe_midcaps_v1,2025-12-20T17:03:04+00:00
PGEN,universe_midcaps_v1,2025-12-20T17:03:04+00:00
PGNY,universe_midcaps_v1,2025-12-20T17:03:04+00:00
PGRE,universe_midcaps_v1,2025-12-20T17:03:04+00:00
PGY,universe_midcaps_v1,2025-12-20T17:03:04+00:00
PHAR,universe_midcaps_v1,2025-12-20T17:03:04+00:00
PHAT,universe_midcaps_v1,2025-12-20T17:03:04+00:00
PHGE,universe_midcaps_v1,2025-12-20T17:03:04+00:00
PHI,universe_midcaps_v1,2025-12-20T17:03:04+00:00
PHIN,universe_midcaps_v1,2025-12-20T17:03:04+00:00
PHIO,universe_midcaps_v1,2025-12-20T17:03:04+00:00
PHOE,universe_midcaps_v1,2025-12-20T17:03:04+00:00
PHR,universe_midcaps_v1,2025-12-20T17:03:04+00:00
PHUN,universe_midcaps_v1,2025-12-20T17:03:04+00:00
PHVS,universe_midcaps_v1,2025-12-20T17:03:04+00:00
PI,universe_midcaps_v1,2025-12-20T17:03:04+00:00
PII,universe_midcaps_v1,2025-12-20T17:03:04+00:00
PIII,universe_midcaps_v1,2025-12-20T17:03:04+00:00
PINE,universe_midcaps_v1,2025-12-20T17:03:04+00:00
PIPR,universe_midcaps_v1,2025-12-20T17:03:04+00:00
PJT,universe_midcaps_v1,2025-12-20T17:03:04+00:00
PK,universe_midcaps_v1,2025-12-20T17:03:04+00:00
PKBK,universe_midcaps_v1,2025-12-20T17:03:04+00:00
PKE,universe_midcaps_v1,2025-12-20T17:03:04+00:00
PKOH,universe_midcaps_v1,2025-12-20T17:03:04+00:00
PKST,universe_midcaps_v1,2025-12-20T17:03:04+00:00
PL,universe_midcaps_v1,2025-12-20T17:03:04+00:00
PLAB,universe_midcaps_v1,2025-12-20T17:03:04+00:00
PLAG,universe_midcaps_v1,2025-12-20T17:03:04+00:00
PLAY,universe_midcaps_v1,2025-12-20T17:03:04+00:00
PLBC,universe_midcaps_v1,2025-12-20T17:03:04+00:00
PLBL,universe_midcaps_v1,2025-12-20T17:03:04+00:00
PLBY,universe_midcaps_v1,2025-12-20T17:03:04+00:00
PLCE,universe_midcaps_v1,2025-12-20T17:03:04+00:00
PLG,universe_midcaps_v1,2025-12-20T17:03:04+00:00
PLMK,universe_midcaps_v1,2025-12-20T17:03:04+00:00
PLMR,universe_midcaps_v1,2025-12-20T17:03:04+00:00
PLNT,universe_midcaps_v1,2025-12-20T17:03:04+00:00
PLOW,universe_midcaps_v1,2025-12-20T17:03:04+00:00
PLPC,universe_midcaps_v1,2025-12-20T17:03:04+00:00
PLRX,universe_midcaps_v1,2025-12-20T17:03:04+00:00
PLRZ,universe_midcaps_v1,2025-12-20T17:03:04+00:00
PLSE,universe_midcaps_v1,2025-12-20T17:03:04+00:00
PLTK,universe_midcaps_v1,2025-12-20T17:03:04+00:00
PLUG,universe_midcaps_v1,2025-12-20T17:03:04+00:00
PLUR,universe_midcaps_v1,2025-12-20T17:03:04+00:00
PLUS,universe_midcaps_v1,2025-12-20T17:03:04+00:00
PLX,universe_midcaps_v1,2025-12-20T17:03:04+00:00
PLXS,universe_midcaps_v1,2025-12-20T17:03:04+00:00
PLYM,universe_midcaps_v1,2025-12-20T17:03:04+00:00
PMAX,universe_midcaps_v1,2025-12-20T17:03:04+00:00
PMEC,universe_midcaps_v1,2025-12-20T17:03:04+00:00
PMI,universe_midcaps_v1,2025-12-20T17:03:04+00:00
PMN,universe_midcaps_v1,2025-12-20T17:03:04+00:00
PMT,universe_midcaps_v1,2025-12-20T17:03:04+00:00
PMTR,universe_midcaps_v1,2025-12-20T17:03:04+00:00
PMTS,universe_midcaps_v1,2025-12-20T17:03:04+00:00
PMVP,universe_midcaps_v1,2025-12-20T17:03:04+00:00
PNBK,universe_midcaps_v1,2025-12-20T17:03:04+00:00
PNFP,universe_midcaps_v1,2025-12-20T17:03:04+00:00
PNNT,universe_midcaps_v1,2025-12-20T17:03:04+00:00
PNRG,universe_midcaps_v1,2025-12-20T17:03:04+00:00
PNTG,universe_midcaps_v1,2025-12-20T17:03:04+00:00
POAS,universe_midcaps_v1,2025-12-20T17:03:04+00:00
POCI,universe_midcaps_v1,2025-12-20T17:03:04+00:00
PODC,universe_midcaps_v1,2025-12-20T17:03:04+00:00
POET,universe_midcaps_v1,2025-12-20T17:03:04+00:00
POLA,universe_midcaps_v1,2025-12-20T17:03:04+00:00
POLE,universe_midcaps_v1,2025-12-20T17:03:04+00:00
PONY,universe_midcaps_v1,2025-12-20T17:03:04+00:00
POOL,universe_midcaps_v1,2025-12-20T17:03:04+00:00
POR,universe_midcaps_v1,2025-12-20T17:03:04+00:00
POST,universe_midcaps_v1,2025-12-20T17:03:04+00:00
POWI,universe_midcaps_v1,2025-12-20T17:03:04+00:00
POWL,universe_midcaps_v1,2025-12-20T17:03:04+00:00
POWW,universe_midcaps_v1,2025-12-20T17:03:04+00:00
PPC,universe_midcaps_v1,2025-12-20T17:03:04+00:00
PPIH,universe_midcaps_v1,2025-12-20T17:03:04+00:00
PPSI,universe_midcaps_v1,2025-12-20T17:03:04+00:00
PPTA,universe_midcaps_v1,2025-12-20T17:03:04+00:00
PRA,universe_midcaps_v1,2025-12-20T17:03:04+00:00
PRAA,universe_midcaps_v1,2025-12-20T17:03:04+00:00
PRAX,universe_midcaps_v1,2025-12-20T17:03:04+00:00
PRCH,universe_midcaps_v1,2025-12-20T17:03:04+00:00
PRCT,universe_midcaps_v1,2025-12-20T17:03:04+00:00
PRDO,universe_midcaps_v1,2025-12-20T17:03:04+00:00
PRE,universe_midcaps_v1,2025-12-20T17:03:04+00:00
PRG,universe_midcaps_v1,2025-12-20T17:03:04+00:00
PRGO,universe_midcaps_v1,2025-12-20T17:03:04+00:00
PRGS,universe_midcaps_v1,2025-12-20T17:03:04+00:00
PRI,universe_midcaps_v1,2025-12-20T17:03:04+00:00
PRIM,universe_midcaps_v1,2025-12-20T17:03:04+00:00
PRK,universe_midcaps_v1,2025-12-20T17:03:04+00:00
PRKS,universe_midcaps_v1,2025-12-20T17:03:04+00:00
PRLB,universe_midcaps_v1,2025-12-20T17:03:04+00:00
PRLD,universe_midcaps_v1,2025-12-20T17:03:04+00:00
PRM,universe_midcaps_v1,2025-12-20T17:03:04+00:00
PRMB,universe_midcaps_v1,2025-12-20T17:03:04+00:00
PRME,universe_midcaps_v1,2025-12-20T17:03:04+00:00
PRO,universe_midcaps_v1,2025-12-20T17:03:04+00:00
PROF,universe_midcaps_v1,2025-12-20T17:03:04+00:00
PROK,universe_midcaps_v1,2025-12-20T17:03:04+00:00
PROP,universe_midcaps_v1,2025-12-20T17:03:04+00:00
PROV,universe_midcaps_v1,2025-12-20T17:03:04+00:00
PRPO,universe_midcaps_v1,2025-12-20T17:03:04+00:00
PRQR,universe_midcaps_v1,2025-12-20T17:03:04+00:00
PRSU,universe_midcaps_v1,2025-12-20T17:03:04+00:00
PRT,universe_midcaps_v1,2025-12-20T17:03:04+00:00
PRTA,universe_midcaps_v1,2025-12-20T17:03:04+00:00
PRTC,universe_midcaps_v1,2025-12-20T17:03:04+00:00
PRTH,universe_midcaps_v1,2025-12-20T17:03:04+00:00
PRVA,universe_midcaps_v1,2025-12-20T17:03:04+00:00
PRZO,universe_midcaps_v1,2025-12-20T17:03:04+00:00
PSBD,universe_midcaps_v1,2025-12-20T17:03:04+00:00
PSEC,universe_midcaps_v1,2025-12-20T17:03:04+00:00
PSFE,universe_midcaps_v1,2025-12-20T17:03:04+00:00
PSHG,universe_midcaps_v1,2025-12-20T17:03:04+00:00
PSIG,universe_midcaps_v1,2025-12-20T17:03:04+00:00
PSIX,universe_midcaps_v1,2025-12-20T17:03:04+00:00
PSMT,universe_midcaps_v1,2025-12-20T17:03:04+00:00
PSN,universe_midcaps_v1,2025-12-20T17:03:04+00:00
PSNL,universe_midcaps_v1,2025-12-20T17:03:04+00:00
PSNY,universe_midcaps_v1,2025-12-20T17:03:04+00:00
PSO,universe_midcaps_v1,2025-12-20T17:03:04+00:00
PSQH,universe_midcaps_v1,2025-12-20T17:03:04+00:00
PSTL,universe_midcaps_v1,2025-12-20T17:03:04+00:00
PTCT,universe_midcaps_v1,2025-12-20T17:03:04+00:00
PTEN,universe_midcaps_v1,2025-12-20T17:03:04+00:00
PTGX,universe_midcaps_v1,2025-12-20T17:03:04+00:00
PTHS,universe_midcaps_v1,2025-12-20T17:03:04+00:00
PTIX,universe_midcaps_v1,2025-12-20T17:03:04+00:00
PTLO,universe_midcaps_v1,2025-12-20T17:03:04+00:00
PTN,universe_midcaps_v1,2025-12-20T17:03:04+00:00
PTON,universe_midcaps_v1,2025-12-20T17:03:04+00:00
PTRN,universe_midcaps_v1,2025-12-20T17:03:04+00:00
PUBM,universe_midcaps_v1,2025-12-20T17:03:04+00:00
PULM,universe_midcaps_v1,2025-12-20T17:03:04+00:00
PUMP,universe_midcaps_v1,2025-12-20T17:03:04+00:00
PVH,universe_midcaps_v1,2025-12-20T17:03:04+00:00
PVL,universe_midcaps_v1,2025-12-20T17:03:04+00:00
PVLA,universe_midcaps_v1,2025-12-20T17:03:04+00:00
PW,universe_midcaps_v1,2025-12-20T17:03:04+00:00
PWP,universe_midcaps_v1,2025-12-20T17:03:04+00:00
PX,universe_midcaps_v1,2025-12-20T17:03:04+00:00
PXED,universe_midcaps_v1,2025-12-20T17:03:04+00:00
PXLW,universe_midcaps_v1,2025-12-20T17:03:04+00:00
PXS,universe_midcaps_v1,2025-12-20T17:03:04+00:00
PYPD,universe_midcaps_v1,2025-12-20T17:03:04+00:00
PYXS,universe_midcaps_v1,2025-12-20T17:03:04+00:00
PZG,universe_midcaps_v1,2025-12-20T17:03:04+00:00
PZZA,universe_midcaps_v1,2025-12-20T17:03:04+00:00
QBTS,universe_midcaps_v1,2025-12-20T17:03:04+00:00
QCLS,universe_midcaps_v1,2025-12-20T17:03:04+00:00
QCRH,universe_midcaps_v1,2025-12-20T17:03:04+00:00
QD,universe_midcaps_v1,2025-12-20T17:03:04+00:00
QDEL,universe_midcaps_v1,2025-12-20T17:03:04+00:00
QETA,universe_midcaps_v1,2025-12-20T17:03:04+00:00
QFIN,universe_midcaps_v1,2025-12-20T17:03:04+00:00
QGEN,universe_midcaps_v1,2025-12-20T17:03:04+00:00
QH,universe_midcaps_v1,2025-12-20T17:03:04+00:00
QIPT,universe_midcaps_v1,2025-12-20T17:03:04+00:00
QLYS,universe_midcaps_v1,2025-12-20T17:03:04+00:00
QMCO,universe_midcaps_v1,2025-12-20T17:03:04+00:00
QNCX,universe_midcaps_v1,2025-12-20T17:03:04+00:00
QNRX,universe_midcaps_v1,2025-12-20T17:03:04+00:00
QNST,universe_midcaps_v1,2025-12-20T17:03:04+00:00
QNTM,universe_midcaps_v1,2025-12-20T17:03:04+00:00
QRHC,universe_midcaps_v1,2025-12-20T17:03:04+00:00
QRVO,universe_midcaps_v1,2025-12-20T17:03:04+00:00
QS,universe_midcaps_v1,2025-12-20T17:03:04+00:00
QSEA,universe_midcaps_v1,2025-12-20T17:03:04+00:00
QSI,universe_midcaps_v1,2025-12-20T17:03:04+00:00
QTRX,universe_midcaps_v1,2025-12-20T17:03:04+00:00
QTTB,universe_midcaps_v1,2025-12-20T17:03:04+00:00
QTWO,universe_midcaps_v1,2025-12-20T17:03:04+00:00
QUAD,universe_midcaps_v1,2025-12-20T17:03:04+00:00
QUBT,universe_midcaps_v1,2025-12-20T17:03:04+00:00
QUIK,universe_midcaps_v1,2025-12-20T17:03:04+00:00
QUMS,universe_midcaps_v1,2025-12-20T17:03:04+00:00
QURE,universe_midcaps_v1,2025-12-20T17:03:04+00:00
QVCGA,universe_midcaps_v1,2025-12-20T17:03:04+00:00
R,universe_midcaps_v1,2025-12-20T17:03:04+00:00
RAAQ,universe_midcaps_v1,2025-12-20T17:03:04+00:00
RAC,universe_midcaps_v1,2025-12-20T17:03:04+00:00
RADX,universe_midcaps_v1,2025-12-20T17:03:04+00:00
RAIL,universe_midcaps_v1,2025-12-20T17:03:04+00:00
RAIN,universe_midcaps_v1,2025-12-20T17:03:04+00:00
RAL,universe_midcaps_v1,2025-12-20T17:03:04+00:00
RAMP,universe_midcaps_v1,2025-12-20T17:03:04+00:00
RAND,universe_midcaps_v1,2025-12-20T17:03:04+00:00
RANG,universe_midcaps_v1,2025-12-20T17:03:04+00:00
RANI,universe_midcaps_v1,2025-12-20T17:03:04+00:00
RAPP,universe_midcaps_v1,2025-12-20T17:03:04+00:00
RAPT,universe_midcaps_v1,2025-12-20T17:03:04+00:00
RARE,universe_midcaps_v1,2025-12-20T17:03:04+00:00
RAVE,universe_midcaps_v1,2025-12-20T17:03:04+00:00
RAY,universe_midcaps_v1,2025-12-20T17:03:04+00:00
RAYA,universe_midcaps_v1,2025-12-20T17:03:04+00:00
RBB,universe_midcaps_v1,2025-12-20T17:03:04+00:00
RBBN,universe_midcaps_v1,2025-12-20T17:03:04+00:00
RBCAA,universe_midcaps_v1,2025-12-20T17:03:04+00:00
RBKB,universe_midcaps_v1,2025-12-20T17:03:04+00:00
RBOT,universe_midcaps_v1,2025-12-20T17:03:04+00:00
RC,universe_midcaps_v1,2025-12-20T17:03:04+00:00
RCAT,universe_midcaps_v1,2025-12-20T17:03:04+00:00
RCEL,universe_midcaps_v1,2025-12-20T17:03:04+00:00
RCKT,universe_midcaps_v1,2025-12-20T17:03:04+00:00
RCKY,universe_midcaps_v1,2025-12-20T17:03:04+00:00
RCMT,universe_midcaps_v1,2025-12-20T17:03:04+00:00
RCON,universe_midcaps_v1,2025-12-20T17:03:04+00:00
RCT,universe_midcaps_v1,2025-12-20T17:03:04+00:00
RCUS,universe_midcaps_v1,2025-12-20T17:03:04+00:00
RDAC,universe_midcaps_v1,2025-12-20T17:03:04+00:00
RDAG,universe_midcaps_v1,2025-12-20T17:03:04+00:00
RDCM,universe_midcaps_v1,2025-12-20T17:03:04+00:00
RDGT,universe_midcaps_v1,2025-12-20T17:03:04+00:00
RDHL,universe_midcaps_v1,2025-12-20T17:03:04+00:00
RDI,universe_midcaps_v1,2025-12-20T17:03:04+00:00
RDN,universe_midcaps_v1,2025-12-20T17:03:04+00:00
RDNT,universe_midcaps_v1,2025-12-20T17:03:04+00:00
RDNW,universe_midcaps_v1,2025-12-20T17:03:04+00:00
RDVT,universe_midcaps_v1,2025-12-20T17:03:04+00:00
RDW,universe_midcaps_v1,2025-12-20T17:03:04+00:00
RDWR,universe_midcaps_v1,2025-12-20T17:03:04+00:00
RDZN,universe_midcaps_v1,2025-12-20T17:03:04+00:00
REAL,universe_midcaps_v1,2025-12-20T17:03:04+00:00
REAX,universe_midcaps_v1,2025-12-20T17:03:04+00:00
REBN,universe_midcaps_v1,2025-12-20T17:03:04+00:00
RECT,universe_midcaps_v1,2025-12-20T17:03:04+00:00
REED,universe_midcaps_v1,2025-12-20T17:03:04+00:00
REFI,universe_midcaps_v1,2025-12-20T17:03:04+00:00
REFR,universe_midcaps_v1,2025-12-20T17:03:04+00:00
REKR,universe_midcaps_v1,2025-12-20T17:03:04+00:00
RELL,universe_midcaps_v1,2025-12-20T17:03:04+00:00
RELY,universe_midcaps_v1,2025-12-20T17:03:04+00:00
RENT,universe_midcaps_v1,2025-12-20T17:03:04+00:00
REPL,universe_midcaps_v1,2025-12-20T17:03:04+00:00
REPX,universe_midcaps_v1,2025-12-20T17:03:04+00:00
RERE,universe_midcaps_v1,2025-12-20T17:03:04+00:00
RES,universe_midcaps_v1,2025-12-20T17:03:04+00:00
RETO,universe_midcaps_v1,2025-12-20T17:03:04+00:00
REVG,universe_midcaps_v1,2025-12-20T17:03:04+00:00
REX,universe_midcaps_v1,2025-12-20T17:03:04+00:00
REXR,universe_midcaps_v1,2025-12-20T17:03:04+00:00
REYN,universe_midcaps_v1,2025-12-20T17:03:04+00:00
REZI,universe_midcaps_v1,2025-12-20T17:03:04+00:00
RFAI,universe_midcaps_v1,2025-12-20T17:03:04+00:00
RFIL,universe_midcaps_v1,2025-12-20T17:03:04+00:00
RFL,universe_midcaps_v1,2025-12-20T17:03:04+00:00
RGC,universe_midcaps_v1,2025-12-20T17:03:04+00:00
RGCO,universe_midcaps_v1,2025-12-20T17:03:04+00:00
RGEN,universe_midcaps_v1,2025-12-20T17:03:04+00:00
RGNT,universe_midcaps_v1,2025-12-20T17:03:04+00:00
RGNX,universe_midcaps_v1,2025-12-20T17:03:04+00:00
RGP,universe_midcaps_v1,2025-12-20T17:03:04+00:00
RGR,universe_midcaps_v1,2025-12-20T17:03:04+00:00
RGS,universe_midcaps_v1,2025-12-20T17:03:04+00:00
RGTI,universe_midcaps_v1,2025-12-20T17:03:04+00:00
RH,universe_midcaps_v1,2025-12-20T17:03:04+00:00
RHI,universe_midcaps_v1,2025-12-20T17:03:04+00:00
RHLD,universe_midcaps_v1,2025-12-20T17:03:04+00:00
RHP,universe_midcaps_v1,2025-12-20T17:03:04+00:00
RIBB,universe_midcaps_v1,2025-12-20T17:03:04+00:00
RICK,universe_midcaps_v1,2025-12-20T17:03:04+00:00
RIG,universe_midcaps_v1,2025-12-20T17:03:04+00:00
RIGL,universe_midcaps_v1,2025-12-20T17:03:04+00:00
RILY,universe_midcaps_v1,2025-12-20T17:03:04+00:00
RIME,universe_midcaps_v1,2025-12-20T17:03:04+00:00
RIOT,universe_midcaps_v1,2025-12-20T17:03:04+00:00
RITM,universe_midcaps_v1,2025-12-20T17:03:04+00:00
RITR,universe_midcaps_v1,2025-12-20T17:03:04+00:00
RJET,universe_midcaps_v1,2025-12-20T17:03:04+00:00
RKDA,universe_midcaps_v1,2025-12-20T17:03:04+00:00
RLAY,universe_midcaps_v1,2025-12-20T17:03:04+00:00
RLGT,universe_midcaps_v1,2025-12-20T17:03:04+00:00
RLI,universe_midcaps_v1,2025-12-20T17:03:04+00:00
RLJ,universe_midcaps_v1,2025-12-20T17:03:04+00:00
RLMD,universe_midcaps_v1,2025-12-20T17:03:04+00:00
RLX,universe_midcaps_v1,2025-12-20T17:03:04+00:00
RM,universe_midcaps_v1,2025-12-20T17:03:04+00:00
RMAX,universe_midcaps_v1,2025-12-20T17:03:04+00:00
RMBI,universe_midcaps_v1,2025-12-20T17:03:04+00:00
RMCF,universe_midcaps_v1,2025-12-20T17:03:04+00:00
RMCO,universe_midcaps_v1,2025-12-20T17:03:04+00:00
RMNI,universe_midcaps_v1,2025-12-20T17:03:04+00:00
RMR,universe_midcaps_v1,2025-12-20T17:03:04+00:00
RMSG,universe_midcaps_v1,2025-12-20T17:03:04+00:00
RNAC,universe_midcaps_v1,2025-12-20T17:03:04+00:00
RNAZ,universe_midcaps_v1,2025-12-20T17:03:04+00:00
RNG,universe_midcaps_v1,2025-12-20T17:03:04+00:00
RNGR,universe_midcaps_v1,2025-12-20T17:03:04+00:00
RNGT,universe_midcaps_v1,2025-12-20T17:03:04+00:00
RNST,universe_midcaps_v1,2025-12-20T17:03:04+00:00
RNTX,universe_midcaps_v1,2025-12-20T17:03:04+00:00
RNW,universe_midcaps_v1,2025-12-20T17:03:04+00:00
ROAD,universe_midcaps_v1,2025-12-20T17:03:04+00:00
ROCK,universe_midcaps_v1,2025-12-20T17:03:04+00:00
ROG,universe_midcaps_v1,2025-12-20T17:03:04+00:00
ROLR,universe_midcaps_v1,2025-12-20T17:03:04+00:00
ROMA,universe_midcaps_v1,2025-12-20T17:03:04+00:00
ROOT,universe_midcaps_v1,2025-12-20T17:03:04+00:00
RPAY,universe_midcaps_v1,2025-12-20T17:03:04+00:00
RPD,universe_midcaps_v1,2025-12-20T17:03:04+00:00
RPID,universe_midcaps_v1,2025-12-20T17:03:04+00:00
RPT,universe_midcaps_v1,2025-12-20T17:03:04+00:00
RPTX,universe_midcaps_v1,2025-12-20T17:03:04+00:00
RR,universe_midcaps_v1,2025-12-20T17:03:04+00:00
RRBI,universe_midcaps_v1,2025-12-20T17:03:04+00:00
RRC,universe_midcaps_v1,2025-12-20T17:03:04+00:00
RRGB,universe_midcaps_v1,2025-12-20T17:03:04+00:00
RRR,universe_midcaps_v1,2025-12-20T17:03:04+00:00
RRX,universe_midcaps_v1,2025-12-20T17:03:04+00:00
RSF,universe_midcaps_v1,2025-12-20T17:03:04+00:00
RSI,universe_midcaps_v1,2025-12-20T17:03:04+00:00
RSKD,universe_midcaps_v1,2025-12-20T17:03:04+00:00
RSSS,universe_midcaps_v1,2025-12-20T17:03:04+00:00
RSVR,universe_midcaps_v1,2025-12-20T17:03:04+00:00
RTAC,universe_midcaps_v1,2025-12-20T17:03:04+00:00
RUM,universe_midcaps_v1,2025-12-20T17:03:04+00:00
RUN,universe_midcaps_v1,2025-12-20T17:03:04+00:00
RUSHA,universe_midcaps_v1,2025-12-20T17:03:04+00:00
RVLV,universe_midcaps_v1,2025-12-20T17:03:04+00:00
RVSB,universe_midcaps_v1,2025-12-20T17:03:04+00:00
RWAY,universe_midcaps_v1,2025-12-20T17:03:04+00:00
RWT,universe_midcaps_v1,2025-12-20T17:03:04+00:00
RXO,universe_midcaps_v1,2025-12-20T17:03:04+00:00
RXRX,universe_midcaps_v1,2025-12-20T17:03:04+00:00
RXST,universe_midcaps_v1,2025-12-20T17:03:04+00:00
RXT,universe_midcaps_v1,2025-12-20T17:03:04+00:00
RYAM,universe_midcaps_v1,2025-12-20T17:03:04+00:00
RYET,universe_midcaps_v1,2025-12-20T17:03:04+00:00
RYI,universe_midcaps_v1,2025-12-20T17:03:04+00:00
RYM,universe_midcaps_v1,2025-12-20T17:03:04+00:00
RYN,universe_midcaps_v1,2025-12-20T17:03:04+00:00
RYOJ,universe_midcaps_v1,2025-12-20T17:03:04+00:00
RYTM,universe_midcaps_v1,2025-12-20T17:03:04+00:00
RZLT,universe_midcaps_v1,2025-12-20T17:03:04+00:00
RZLV,universe_midcaps_v1,2025-12-20T17:03:04+00:00
S,universe_midcaps_v1,2025-12-20T17:03:04+00:00
SA,universe_midcaps_v1,2025-12-20T17:03:04+00:00
SABR,universe_midcaps_v1,2025-12-20T17:03:04+00:00
SABS,universe_midcaps_v1,2025-12-20T17:03:04+00:00
SAC-U,universe_midcaps_v1,2025-12-20T17:03:04+00:00
SACH,universe_midcaps_v1,2025-12-20T17:03:04+00:00
SAFE,universe_midcaps_v1,2025-12-20T17:03:04+00:00
SAFT,universe_midcaps_v1,2025-12-20T17:03:04+00:00
SAGT,universe_midcaps_v1,2025-12-20T17:03:04+00:00
SAH,universe_midcaps_v1,2025-12-20T17:03:04+00:00
SAIA,universe_midcaps_v1,2025-12-20T17:03:04+00:00
SAIC,universe_midcaps_v1,2025-12-20T17:03:04+00:00
SAIH,universe_midcaps_v1,2025-12-20T17:03:04+00:00
SAM,universe_midcaps_v1,2025-12-20T17:03:04+00:00
SAMG,universe_midcaps_v1,2025-12-20T17:03:04+00:00
SANA,universe_midcaps_v1,2025-12-20T17:03:04+00:00
SANG,universe_midcaps_v1,2025-12-20T17:03:04+00:00
SANM,universe_midcaps_v1,2025-12-20T17:03:04+00:00
SAR,universe_midcaps_v1,2025-12-20T17:03:04+00:00
SARO,universe_midcaps_v1,2025-12-20T17:03:04+00:00
SATL,universe_midcaps_v1,2025-12-20T17:03:04+00:00
SAVA,universe_midcaps_v1,2025-12-20T17:03:04+00:00
SB,universe_midcaps_v1,2025-12-20T17:03:04+00:00
SBC,universe_midcaps_v1,2025-12-20T17:03:04+00:00
SBCF,universe_midcaps_v1,2025-12-20T17:03:04+00:00
SBDS,universe_midcaps_v1,2025-12-20T17:03:04+00:00
SBET,universe_midcaps_v1,2025-12-20T17:03:04+00:00
SBEV,universe_midcaps_v1,2025-12-20T17:03:04+00:00
SBFG,universe_midcaps_v1,2025-12-20T17:03:04+00:00
SBFM,universe_midcaps_v1,2025-12-20T17:03:04+00:00
SBGI,universe_midcaps_v1,2025-12-20T17:03:04+00:00
SBH,universe_midcaps_v1,2025-12-20T17:03:04+00:00
SBLK,universe_midcaps_v1,2025-12-20T17:03:04+00:00
SBLX,universe_midcaps_v1,2025-12-20T17:03:04+00:00
SBR,universe_midcaps_v1,2025-12-20T17:03:04+00:00
SBRA,universe_midcaps_v1,2025-12-20T17:03:04+00:00
SBSI,universe_midcaps_v1,2025-12-20T17:03:04+00:00
SBXD,universe_midcaps_v1,2025-12-20T17:03:04+00:00
SBXE-U,universe_midcaps_v1,2025-12-20T17:03:04+00:00
SCAG,universe_midcaps_v1,2025-12-20T17:03:04+00:00
SCHL,universe_midcaps_v1,2025-12-20T17:03:04+00:00
SCIIU,universe_midcaps_v1,2025-12-20T17:03:04+00:00
SCKT,universe_midcaps_v1,2025-12-20T17:03:04+00:00
SCL,universe_midcaps_v1,2025-12-20T17:03:04+00:00
SCLX,universe_midcaps_v1,2025-12-20T17:03:04+00:00
SCM,universe_midcaps_v1,2025-12-20T17:03:04+00:00
SCOR,universe_midcaps_v1,2025-12-20T17:03:04+00:00
SCS,universe_midcaps_v1,2025-12-20T17:03:04+00:00
SCSC,universe_midcaps_v1,2025-12-20T17:03:04+00:00
SCVL,universe_midcaps_v1,2025-12-20T17:03:04+00:00
SD,universe_midcaps_v1,2025-12-20T17:03:04+00:00
SDA,universe_midcaps_v1,2025-12-20T17:03:04+00:00
SDGR,universe_midcaps_v1,2025-12-20T17:03:04+00:00
SDHC,universe_midcaps_v1,2025-12-20T17:03:04+00:00
SDHI,universe_midcaps_v1,2025-12-20T17:03:04+00:00
SDOT,universe_midcaps_v1,2025-12-20T17:03:04+00:00
SDRL,universe_midcaps_v1,2025-12-20T17:03:04+00:00
SDST,universe_midcaps_v1,2025-12-20T17:03:04+00:00
SEAT,universe_midcaps_v1,2025-12-20T17:03:04+00:00
SEB,universe_midcaps_v1,2025-12-20T17:03:04+00:00
SEDG,universe_midcaps_v1,2025-12-20T17:03:04+00:00
SEE,universe_midcaps_v1,2025-12-20T17:03:04+00:00
SEED,universe_midcaps_v1,2025-12-20T17:03:04+00:00
SEER,universe_midcaps_v1,2025-12-20T17:03:04+00:00
SEG,universe_midcaps_v1,2025-12-20T17:03:04+00:00
SEI,universe_midcaps_v1,2025-12-20T17:03:04+00:00
SELF,universe_midcaps_v1,2025-12-20T17:03:04+00:00
SEM,universe_midcaps_v1,2025-12-20T17:03:04+00:00
SEMR,universe_midcaps_v1,2025-12-20T17:03:04+00:00
SENEA,universe_midcaps_v1,2025-12-20T17:03:04+00:00
SENS,universe_midcaps_v1,2025-12-20T17:03:04+00:00
SEPN,universe_midcaps_v1,2025-12-20T17:03:04+00:00
SER,universe_midcaps_v1,2025-12-20T17:03:04+00:00
SERA,universe_midcaps_v1,2025-12-20T17:03:04+00:00
SERV,universe_midcaps_v1,2025-12-20T17:03:04+00:00
SES,universe_midcaps_v1,2025-12-20T17:03:04+00:00
SEV,universe_midcaps_v1,2025-12-20T17:03:04+00:00
SEVN,universe_midcaps_v1,2025-12-20T17:03:04+00:00
SEZL,universe_midcaps_v1,2025-12-20T17:03:04+00:00
SFBC,universe_midcaps_v1,2025-12-20T17:03:04+00:00
SFBS,universe_midcaps_v1,2025-12-20T17:03:04+00:00
SFD,universe_midcaps_v1,2025-12-20T17:03:04+00:00
SFIX,universe_midcaps_v1,2025-12-20T17:03:04+00:00
SFL,universe_midcaps_v1,2025-12-20T17:03:04+00:00
SFM,universe_midcaps_v1,2025-12-20T17:03:04+00:00
SFNC,universe_midcaps_v1,2025-12-20T17:03:04+00:00
SFST,universe_midcaps_v1,2025-12-20T17:03:04+00:00
SFWL,universe_midcaps_v1,2025-12-20T17:03:04+00:00
SG,universe_midcaps_v1,2025-12-20T17:03:04+00:00
SGA,universe_midcaps_v1,2025-12-20T17:03:04+00:00
SGBX,universe_midcaps_v1,2025-12-20T17:03:04+00:00
SGC,universe_midcaps_v1,2025-12-20T17:03:04+00:00
SGHC,universe_midcaps_v1,2025-12-20T17:03:04+00:00
SGHT,universe_midcaps_v1,2025-12-20T17:03:04+00:00
SGML,universe_midcaps_v1,2025-12-20T17:03:04+00:00
SGMT,universe_midcaps_v1,2025-12-20T17:03:04+00:00
SGN,universe_midcaps_v1,2025-12-20T17:03:04+00:00
SGRY,universe_midcaps_v1,2025-12-20T17:03:04+00:00
SGU,universe_midcaps_v1,2025-12-20T17:03:04+00:00
SHAK,universe_midcaps_v1,2025-12-20T17:03:04+00:00
SHBI,universe_midcaps_v1,2025-12-20T17:03:04+00:00
SHC,universe_midcaps_v1,2025-12-20T17:03:04+00:00
SHCO,universe_midcaps_v1,2025-12-20T17:03:04+00:00
SHEN,universe_midcaps_v1,2025-12-20T17:03:04+00:00
SHFS,universe_midcaps_v1,2025-12-20T17:03:04+00:00
SHIM,universe_midcaps_v1,2025-12-20T17:03:04+00:00
SHIP,universe_midcaps_v1,2025-12-20T17:03:04+00:00
SHLS,universe_midcaps_v1,2025-12-20T17:03:04+00:00
SHMD,universe_midcaps_v1,2025-12-20T17:03:04+00:00
SHO,universe_midcaps_v1,2025-12-20T17:03:04+00:00
SHOO,universe_midcaps_v1,2025-12-20T17:03:04+00:00
SHPH,universe_midcaps_v1,2025-12-20T17:03:04+00:00
SI,universe_midcaps_v1,2025-12-20T17:03:04+00:00
SIBN,universe_midcaps_v1,2025-12-20T17:03:04+00:00
SID,universe_midcaps_v1,2025-12-20T17:03:04+00:00
SIDU,universe_midcaps_v1,2025-12-20T17:03:04+00:00
SIEB,universe_midcaps_v1,2025-12-20T17:03:04+00:00
SIF,universe_midcaps_v1,2025-12-20T17:03:04+00:00
SIFY,universe_midcaps_v1,2025-12-20T17:03:04+00:00
SIG,universe_midcaps_v1,2025-12-20T17:03:04+00:00
SIGA,universe_midcaps_v1,2025-12-20T17:03:04+00:00
SIGI,universe_midcaps_v1,2025-12-20T17:03:04+00:00
SII,universe_midcaps_v1,2025-12-20T17:03:04+00:00
SILA,universe_midcaps_v1,2025-12-20T17:03:04+00:00
SILC,universe_midcaps_v1,2025-12-20T17:03:04+00:00
SIM,universe_midcaps_v1,2025-12-20T17:03:04+00:00
SIMA,universe_midcaps_v1,2025-12-20T17:03:04+00:00
SIMO,universe_midcaps_v1,2025-12-20T17:03:04+00:00
SINT,universe_midcaps_v1,2025-12-20T17:03:04+00:00
SION,universe_midcaps_v1,2025-12-20T17:03:04+00:00
SIRI,universe_midcaps_v1,2025-12-20T17:03:04+00:00
SITC,universe_midcaps_v1,2025-12-20T17:03:04+00:00
SITE,universe_midcaps_v1,2025-12-20T17:03:04+00:00
SITM,universe_midcaps_v1,2025-12-20T17:03:04+00:00
SJT,universe_midcaps_v1,2025-12-20T17:03:04+00:00
SKBL,universe_midcaps_v1,2025-12-20T17:03:04+00:00
SKE,universe_midcaps_v1,2025-12-20T17:03:04+00:00
SKIL,universe_midcaps_v1,2025-12-20T17:03:04+00:00
SKIN,universe_midcaps_v1,2025-12-20T17:03:04+00:00
SKLZ,universe_midcaps_v1,2025-12-20T17:03:04+00:00
SKM,universe_midcaps_v1,2025-12-20T17:03:04+00:00
SKT,universe_midcaps_v1,2025-12-20T17:03:04+00:00
SKWD,universe_midcaps_v1,2025-12-20T17:03:04+00:00
SKY,universe_midcaps_v1,2025-12-20T17:03:04+00:00
SKYH,universe_midcaps_v1,2025-12-20T17:03:04+00:00
SKYT,universe_midcaps_v1,2025-12-20T17:03:04+00:00
SKYW,universe_midcaps_v1,2025-12-20T17:03:04+00:00
SKYX,universe_midcaps_v1,2025-12-20T17:03:04+00:00
SLAB,universe_midcaps_v1,2025-12-20T17:03:04+00:00
SLAI,universe_midcaps_v1,2025-12-20T17:03:04+00:00
SLDB,universe_midcaps_v1,2025-12-20T17:03:04+00:00
SLDE,universe_midcaps_v1,2025-12-20T17:03:04+00:00
SLDP,universe_midcaps_v1,2025-12-20T17:03:04+00:00
SLG,universe_midcaps_v1,2025-12-20T17:03:04+00:00
SLGB,universe_midcaps_v1,2025-12-20T17:03:04+00:00
SLGL,universe_midcaps_v1,2025-12-20T17:03:04+00:00
SLGN,universe_midcaps_v1,2025-12-20T17:03:04+00:00
SLI,universe_midcaps_v1,2025-12-20T17:03:04+00:00
SLM,universe_midcaps_v1,2025-12-20T17:03:04+00:00
SLMT,universe_midcaps_v1,2025-12-20T17:03:04+00:00
SLN,universe_midcaps_v1,2025-12-20T17:03:04+00:00
SLND,universe_midcaps_v1,2025-12-20T17:03:04+00:00
SLNG,universe_midcaps_v1,2025-12-20T17:03:04+00:00
SLNH,universe_midcaps_v1,2025-12-20T17:03:04+00:00
SLNO,universe_midcaps_v1,2025-12-20T17:03:04+00:00
SLP,universe_midcaps_v1,2025-12-20T17:03:04+00:00
SLQT,universe_midcaps_v1,2025-12-20T17:03:04+00:00
SLRC,universe_midcaps_v1,2025-12-20T17:03:04+00:00
SLS,universe_midcaps_v1,2025-12-20T17:03:04+00:00
SLSN,universe_midcaps_v1,2025-12-20T17:03:04+00:00
SLSR,universe_midcaps_v1,2025-12-20T17:03:04+00:00
SLVM,universe_midcaps_v1,2025-12-20T17:03:04+00:00
SLXN,universe_midcaps_v1,2025-12-20T17:03:04+00:00
SM,universe_midcaps_v1,2025-12-20T17:03:04+00:00
SMA,universe_midcaps_v1,2025-12-20T17:03:04+00:00
SMBC,universe_midcaps_v1,2025-12-20T17:03:04+00:00
SMBK,universe_midcaps_v1,2025-12-20T17:03:04+00:00
SMC,universe_midcaps_v1,2025-12-20T17:03:04+00:00
SMG,universe_midcaps_v1,2025-12-20T17:03:04+00:00
SMHI,universe_midcaps_v1,2025-12-20T17:03:04+00:00
SMID,universe_midcaps_v1,2025-12-20T17:03:04+00:00
SMLR,universe_midcaps_v1,2025-12-20T17:03:04+00:00
SMP,universe_midcaps_v1,2025-12-20T17:03:04+00:00
SMPL,universe_midcaps_v1,2025-12-20T17:03:04+00:00
SMR,universe_midcaps_v1,2025-12-20T17:03:04+00:00
SMRT,universe_midcaps_v1,2025-12-20T17:03:04+00:00
SMTC,universe_midcaps_v1,2025-12-20T17:03:04+00:00
SMTI,universe_midcaps_v1,2025-12-20T17:03:04+00:00
SMTK,universe_midcaps_v1,2025-12-20T17:03:04+00:00
SMWB,universe_midcaps_v1,2025-12-20T17:03:04+00:00
SMX,universe_midcaps_v1,2025-12-20T17:03:04+00:00
SNBR,universe_midcaps_v1,2025-12-20T17:03:04+00:00
SNCR,universe_midcaps_v1,2025-12-20T17:03:04+00:00
SNCY,universe_midcaps_v1,2025-12-20T17:03:04+00:00
SND,universe_midcaps_v1,2025-12-20T17:03:04+00:00
SNDA,universe_midcaps_v1,2025-12-20T17:03:04+00:00
SNDL,universe_midcaps_v1,2025-12-20T17:03:04+00:00
SNDR,universe_midcaps_v1,2025-12-20T17:03:04+00:00
SNDX,universe_midcaps_v1,2025-12-20T17:03:04+00:00
SNES,universe_midcaps_v1,2025-12-20T17:03:04+00:00
SNEX,universe_midcaps_v1,2025-12-20T17:03:04+00:00
SNFCA,universe_midcaps_v1,2025-12-20T17:03:04+00:00
SNGX,universe_midcaps_v1,2025-12-20T17:03:04+00:00
SNOA,universe_midcaps_v1,2025-12-20T17:03:04+00:00
SNSE,universe_midcaps_v1,2025-12-20T17:03:04+00:00
SNT,universe_midcaps_v1,2025-12-20T17:03:04+00:00
SNTG,universe_midcaps_v1,2025-12-20T17:03:04+00:00
SNTI,universe_midcaps_v1,2025-12-20T17:03:04+00:00
SNV,universe_midcaps_v1,2025-12-20T17:03:04+00:00
SNWV,universe_midcaps_v1,2025-12-20T17:03:04+00:00
SNYR,universe_midcaps_v1,2025-12-20T17:03:04+00:00
SOAR,universe_midcaps_v1,2025-12-20T17:03:04+00:00
SOBO,universe_midcaps_v1,2025-12-20T17:03:04+00:00
SOBR,universe_midcaps_v1,2025-12-20T17:03:04+00:00
SOC,universe_midcaps_v1,2025-12-20T17:03:04+00:00
SOCA,universe_midcaps_v1,2025-12-20T17:03:04+00:00
SOGP,universe_midcaps_v1,2025-12-20T17:03:04+00:00
SOHO,universe_midcaps_v1,2025-12-20T17:03:04+00:00
SOHU,universe_midcaps_v1,2025-12-20T17:03:04+00:00
SOL,universe_midcaps_v1,2025-12-20T17:03:04+00:00
SOLS,universe_midcaps_v1,2025-12-20T17:03:04+00:00
SON,universe_midcaps_v1,2025-12-20T17:03:04+00:00
SONM,universe_midcaps_v1,2025-12-20T17:03:04+00:00
SONO,universe_midcaps_v1,2025-12-20T17:03:04+00:00
SOPA,universe_midcaps_v1,2025-12-20T17:03:04+00:00
SOPH,universe_midcaps_v1,2025-12-20T17:03:04+00:00
SORA,universe_midcaps_v1,2025-12-20T17:03:04+00:00
SOS,universe_midcaps_v1,2025-12-20T17:03:04+00:00
SOTK,universe_midcaps_v1,2025-12-20T17:03:04+00:00
SOUL,universe_midcaps_v1,2025-12-20T17:03:04+00:00
SOUN,universe_midcaps_v1,2025-12-20T17:03:04+00:00
SPAI,universe_midcaps_v1,2025-12-20T17:03:04+00:00
SPB,universe_midcaps_v1,2025-12-20T17:03:04+00:00
SPCB,universe_midcaps_v1,2025-12-20T17:03:04+00:00
SPCE,universe_midcaps_v1,2025-12-20T17:03:04+00:00
SPEG,universe_midcaps_v1,2025-12-20T17:03:04+00:00
SPFI,universe_midcaps_v1,2025-12-20T17:03:04+00:00
SPH,universe_midcaps_v1,2025-12-20T17:03:04+00:00
SPHL,universe_midcaps_v1,2025-12-20T17:03:04+00:00
SPHR,universe_midcaps_v1,2025-12-20T17:03:04+00:00
SPIR,universe_midcaps_v1,2025-12-20T17:03:04+00:00
SPKL,universe_midcaps_v1,2025-12-20T17:03:04+00:00
SPMC,universe_midcaps_v1,2025-12-20T17:03:04+00:00
SPNS,universe_midcaps_v1,2025-12-20T17:03:04+00:00
SPNT,universe_midcaps_v1,2025-12-20T17:03:04+00:00
SPOK,universe_midcaps_v1,2025-12-20T17:03:04+00:00
SPPL,universe_midcaps_v1,2025-12-20T17:03:04+00:00
SPR,universe_midcaps_v1,2025-12-20T17:03:04+00:00
SPRB,universe_midcaps_v1,2025-12-20T17:03:04+00:00
SPRC,universe_midcaps_v1,2025-12-20T17:03:04+00:00
SPRO,universe_midcaps_v1,2025-12-20T17:03:04+00:00
SPRU,universe_midcaps_v1,2025-12-20T17:03:04+00:00
SPRY,universe_midcaps_v1,2025-12-20T17:03:04+00:00
SPSC,universe_midcaps_v1,2025-12-20T17:03:04+00:00
SPT,universe_midcaps_v1,2025-12-20T17:03:04+00:00
SPWH,universe_midcaps_v1,2025-12-20T17:03:04+00:00
SPWR,universe_midcaps_v1,2025-12-20T17:03:04+00:00
SQFT,universe_midcaps_v1,2025-12-20T17:03:04+00:00
SQM,universe_midcaps_v1,2025-12-20T17:03:04+00:00
SQNS,universe_midcaps_v1,2025-12-20T17:03:04+00:00
SR,universe_midcaps_v1,2025-12-20T17:03:04+00:00
SRAD,universe_midcaps_v1,2025-12-20T17:03:04+00:00
SRBK,universe_midcaps_v1,2025-12-20T17:03:04+00:00
SRCE,universe_midcaps_v1,2025-12-20T17:03:04+00:00
SRFM,universe_midcaps_v1,2025-12-20T17:03:04+00:00
SRG,universe_midcaps_v1,2025-12-20T17:03:04+00:00
SRI,universe_midcaps_v1,2025-12-20T17:03:04+00:00
SRL,universe_midcaps_v1,2025-12-20T17:03:04+00:00
SRPT,universe_midcaps_v1,2025-12-20T17:03:04+00:00
SRRK,universe_midcaps_v1,2025-12-20T17:03:04+00:00
SRTA,universe_midcaps_v1,2025-12-20T17:03:04+00:00
SRTS,universe_midcaps_v1,2025-12-20T17:03:04+00:00
SRZN,universe_midcaps_v1,2025-12-20T17:03:04+00:00
SSB,universe_midcaps_v1,2025-12-20T17:03:04+00:00
SSBI,universe_midcaps_v1,2025-12-20T17:03:04+00:00
SSD,universe_midcaps_v1,2025-12-20T17:03:04+00:00
SSEA,universe_midcaps_v1,2025-12-20T17:03:04+00:00
SSII,universe_midcaps_v1,2025-12-20T17:03:04+00:00
SSKN,universe_midcaps_v1,2025-12-20T17:03:04+00:00
SSL,universe_midcaps_v1,2025-12-20T17:03:04+00:00
SSM,universe_midcaps_v1,2025-12-20T17:03:04+00:00
SSP,universe_midcaps_v1,2025-12-20T17:03:04+00:00
SSRM,universe_midcaps_v1,2025-12-20T17:03:04+00:00
SSSS,universe_midcaps_v1,2025-12-20T17:03:04+00:00
SST,universe_midcaps_v1,2025-12-20T17:03:04+00:00
SSTI,universe_midcaps_v1,2025-12-20T17:03:04+00:00
SSTK,universe_midcaps_v1,2025-12-20T17:03:04+00:00
SSYS,universe_midcaps_v1,2025-12-20T17:03:04+00:00
ST,universe_midcaps_v1,2025-12-20T17:03:04+00:00
STAA,universe_midcaps_v1,2025-12-20T17:03:04+00:00
STAG,universe_midcaps_v1,2025-12-20T17:03:04+00:00
STAI,universe_midcaps_v1,2025-12-20T17:03:04+00:00
STBA,universe_midcaps_v1,2025-12-20T17:03:04+00:00
STC,universe_midcaps_v1,2025-12-20T17:03:04+00:00
STEL,universe_midcaps_v1,2025-12-20T17:03:04+00:00
STEM,universe_midcaps_v1,2025-12-20T17:03:04+00:00
STEP,universe_midcaps_v1,2025-12-20T17:03:04+00:00
STEX,universe_midcaps_v1,2025-12-20T17:03:04+00:00
STG,universe_midcaps_v1,2025-12-20T17:03:04+00:00
STGW,universe_midcaps_v1,2025-12-20T17:03:04+00:00
STHO,universe_midcaps_v1,2025-12-20T17:03:04+00:00
STI,universe_midcaps_v1,2025-12-20T17:03:04+00:00
STIM,universe_midcaps_v1,2025-12-20T17:03:04+00:00
STKE,universe_midcaps_v1,2025-12-20T17:03:04+00:00
STKH,universe_midcaps_v1,2025-12-20T17:03:04+00:00
STKL,universe_midcaps_v1,2025-12-20T17:03:04+00:00
STKS,universe_midcaps_v1,2025-12-20T17:03:04+00:00
STNE,universe_midcaps_v1,2025-12-20T17:03:04+00:00
STNG,universe_midcaps_v1,2025-12-20T17:03:04+00:00
STOK,universe_midcaps_v1,2025-12-20T17:03:04+00:00
STRA,universe_midcaps_v1,2025-12-20T17:03:04+00:00
STRL,universe_midcaps_v1,2025-12-20T17:03:04+00:00
STRO,universe_midcaps_v1,2025-12-20T17:03:04+00:00
STRR,universe_midcaps_v1,2025-12-20T17:03:04+00:00
STRS,universe_midcaps_v1,2025-12-20T17:03:04+00:00
STRT,universe_midcaps_v1,2025-12-20T17:03:04+00:00
STRW,universe_midcaps_v1,2025-12-20T17:03:04+00:00
STRZ,universe_midcaps_v1,2025-12-20T17:03:04+00:00
STSS,universe_midcaps_v1,2025-12-20T17:03:04+00:00
STTK,universe_midcaps_v1,2025-12-20T17:03:04+00:00
STUB,universe_midcaps_v1,2025-12-20T17:03:04+00:00
STVN,universe_midcaps_v1,2025-12-20T17:03:04+00:00
STWD,universe_midcaps_v1,2025-12-20T17:03:04+00:00
STXS,universe_midcaps_v1,2025-12-20T17:03:04+00:00
SUGP,universe_midcaps_v1,2025-12-20T17:03:04+00:00
SUIG,universe_midcaps_v1,2025-12-20T17:03:04+00:00
SUN,universe_midcaps_v1,2025-12-20T17:03:04+00:00
SUNC,universe_midcaps_v1,2025-12-20T17:03:04+00:00
SUNE,universe_midcaps_v1,2025-12-20T17:03:04+00:00
SUNS,universe_midcaps_v1,2025-12-20T17:03:04+00:00
SUPN,universe_midcaps_v1,2025-12-20T17:03:04+00:00
SUPV,universe_midcaps_v1,2025-12-20T17:03:04+00:00
SUPX,universe_midcaps_v1,2025-12-20T17:03:04+00:00
SURG,universe_midcaps_v1,2025-12-20T17:03:04+00:00
SUUN,universe_midcaps_v1,2025-12-20T17:03:04+00:00
SVAC,universe_midcaps_v1,2025-12-20T17:03:04+00:00
SVC,universe_midcaps_v1,2025-12-20T17:03:04+00:00
SVCC,universe_midcaps_v1,2025-12-20T17:03:04+00:00
SVCO,universe_midcaps_v1,2025-12-20T17:03:04+00:00
SVM,universe_midcaps_v1,2025-12-20T17:03:04+00:00
SVRA,universe_midcaps_v1,2025-12-20T17:03:04+00:00
SVRE,universe_midcaps_v1,2025-12-20T17:03:04+00:00
SVRN,universe_midcaps_v1,2025-12-20T17:03:04+00:00
SVV,universe_midcaps_v1,2025-12-20T17:03:04+00:00
SWAG,universe_midcaps_v1,2025-12-20T17:03:04+00:00
SWBI,universe_midcaps_v1,2025-12-20T17:03:04+00:00
SWIM,universe_midcaps_v1,2025-12-20T17:03:04+00:00
SWKH,universe_midcaps_v1,2025-12-20T17:03:04+00:00
SWKS,universe_midcaps_v1,2025-12-20T17:03:04+00:00
SWVL,universe_midcaps_v1,2025-12-20T17:03:04+00:00
SWX,universe_midcaps_v1,2025-12-20T17:03:04+00:00
SXC,universe_midcaps_v1,2025-12-20T17:03:04+00:00
SXI,universe_midcaps_v1,2025-12-20T17:03:04+00:00
SXT,universe_midcaps_v1,2025-12-20T17:03:04+00:00
SXTC,universe_midcaps_v1,2025-12-20T17:03:04+00:00
SY,universe_midcaps_v1,2025-12-20T17:03:04+00:00
SYBT,universe_midcaps_v1,2025-12-20T17:03:04+00:00
SYBX,universe_midcaps_v1,2025-12-20T17:03:04+00:00
SYNA,universe_midcaps_v1,2025-12-20T17:03:04+00:00
SYPR,universe_midcaps_v1,2025-12-20T17:03:04+00:00
SYRE,universe_midcaps_v1,2025-12-20T17:03:04+00:00
SZZL,universe_midcaps_v1,2025-12-20T17:03:04+00:00
TAC,universe_midcaps_v1,2025-12-20T17:03:04+00:00
TACH,universe_midcaps_v1,2025-12-20T17:03:04+00:00
TACO,universe_midcaps_v1,2025-12-20T17:03:04+00:00
TACT,universe_midcaps_v1,2025-12-20T17:03:04+00:00
TAL,universe_midcaps_v1,2025-12-20T17:03:04+00:00
TALK,universe_midcaps_v1,2025-12-20T17:03:04+00:00
TALO,universe_midcaps_v1,2025-12-20T17:03:04+00:00
TANH,universe_midcaps_v1,2025-12-20T17:03:04+00:00
TAOP,universe_midcaps_v1,2025-12-20T17:03:04+00:00
TAOX,universe_midcaps_v1,2025-12-20T17:03:04+00:00
TAP,universe_midcaps_v1,2025-12-20T17:03:04+00:00
TARA,universe_midcaps_v1,2025-12-20T17:03:04+00:00
TARS,universe_midcaps_v1,2025-12-20T17:03:04+00:00
TASK,universe_midcaps_v1,2025-12-20T17:03:04+00:00
TATT,universe_midcaps_v1,2025-12-20T17:03:04+00:00
TAVI,universe_midcaps_v1,2025-12-20T17:03:04+00:00
TAYD,universe_midcaps_v1,2025-12-20T17:03:04+00:00
TBBB,universe_midcaps_v1,2025-12-20T17:03:04+00:00
TBBK,universe_midcaps_v1,2025-12-20T17:03:04+00:00
TBCH,universe_midcaps_v1,2025-12-20T17:03:04+00:00
TBHC,universe_midcaps_v1,2025-12-20T17:03:04+00:00
TBI,universe_midcaps_v1,2025-12-20T17:03:04+00:00
TBLA,universe_midcaps_v1,2025-12-20T17:03:04+00:00
TBMC,universe_midcaps_v1,2025-12-20T17:03:04+00:00
TBN,universe_midcaps_v1,2025-12-20T17:03:04+00:00
TBPH,universe_midcaps_v1,2025-12-20T17:03:04+00:00
TBRG,universe_midcaps_v1,2025-12-20T17:03:04+00:00
TC,universe_midcaps_v1,2025-12-20T17:03:04+00:00
TCBI,universe_midcaps_v1,2025-12-20T17:03:04+00:00
TCBK,universe_midcaps_v1,2025-12-20T17:03:04+00:00
TCBS,universe_midcaps_v1,2025-12-20T17:03:04+00:00
TCBX,universe_midcaps_v1,2025-12-20T17:03:04+00:00
TCGL,universe_midcaps_v1,2025-12-20T17:03:04+00:00
TCI,universe_midcaps_v1,2025-12-20T17:03:04+00:00
TCMD,universe_midcaps_v1,2025-12-20T17:03:04+00:00
TCPC,universe_midcaps_v1,2025-12-20T17:03:04+00:00
TCRT,universe_midcaps_v1,2025-12-20T17:03:04+00:00
TCX,universe_midcaps_v1,2025-12-20T17:03:04+00:00
TDAC,universe_midcaps_v1,2025-12-20T17:03:04+00:00
TDAY,universe_midcaps_v1,2025-12-20T17:03:04+00:00
TDC,universe_midcaps_v1,2025-12-20T17:03:04+00:00
TDOC,universe_midcaps_v1,2025-12-20T17:03:04+00:00
TDS,universe_midcaps_v1,2025-12-20T17:03:04+00:00
TDUP,universe_midcaps_v1,2025-12-20T17:03:04+00:00
TDW,universe_midcaps_v1,2025-12-20T17:03:04+00:00
TDWD,universe_midcaps_v1,2025-12-20T17:03:04+00:00
TE,universe_midcaps_v1,2025-12-20T17:03:04+00:00
TECH,universe_midcaps_v1,2025-12-20T17:03:04+00:00
TECX,universe_midcaps_v1,2025-12-20T17:03:04+00:00
TELA,universe_midcaps_v1,2025-12-20T17:03:04+00:00
TELO,universe_midcaps_v1,2025-12-20T17:03:04+00:00
TEN,universe_midcaps_v1,2025-12-20T17:03:04+00:00
TENB,universe_midcaps_v1,2025-12-20T17:03:04+00:00
TENX,universe_midcaps_v1,2025-12-20T17:03:04+00:00
TEO,universe_midcaps_v1,2025-12-20T17:03:04+00:00
TERN,universe_midcaps_v1,2025-12-20T17:03:04+00:00
TEX,universe_midcaps_v1,2025-12-20T17:03:04+00:00
TFII,universe_midcaps_v1,2025-12-20T17:03:04+00:00
TFIN,universe_midcaps_v1,2025-12-20T17:03:04+00:00
TFPM,universe_midcaps_v1,2025-12-20T17:03:04+00:00
TFSL,universe_midcaps_v1,2025-12-20T17:03:04+00:00
TFX,universe_midcaps_v1,2025-12-20T17:03:04+00:00
TG,universe_midcaps_v1,2025-12-20T17:03:04+00:00
TGB,universe_midcaps_v1,2025-12-20T17:03:04+00:00
TGE,universe_midcaps_v1,2025-12-20T17:03:04+00:00
TGEN,universe_midcaps_v1,2025-12-20T17:03:04+00:00
TGL,universe_midcaps_v1,2025-12-20T17:03:04+00:00
TGLS,universe_midcaps_v1,2025-12-20T17:03:04+00:00
TGNA,universe_midcaps_v1,2025-12-20T17:03:04+00:00
TGS,universe_midcaps_v1,2025-12-20T17:03:04+00:00
TGTX,universe_midcaps_v1,2025-12-20T17:03:04+00:00
TH,universe_midcaps_v1,2025-12-20T17:03:04+00:00
THAR,universe_midcaps_v1,2025-12-20T17:03:04+00:00
THCH,universe_midcaps_v1,2025-12-20T17:03:04+00:00
THFF,universe_midcaps_v1,2025-12-20T17:03:04+00:00
THG,universe_midcaps_v1,2025-12-20T17:03:04+00:00
THH,universe_midcaps_v1,2025-12-20T17:03:04+00:00
THM,universe_midcaps_v1,2025-12-20T17:03:04+00:00
THO,universe_midcaps_v1,2025-12-20T17:03:04+00:00
THR,universe_midcaps_v1,2025-12-20T17:03:04+00:00
THRM,universe_midcaps_v1,2025-12-20T17:03:04+00:00
THRY,universe_midcaps_v1,2025-12-20T17:03:04+00:00
THS,universe_midcaps_v1,2025-12-20T17:03:04+00:00
TIC,universe_midcaps_v1,2025-12-20T17:03:04+00:00
TIGO,universe_midcaps_v1,2025-12-20T17:03:04+00:00
TIGR,universe_midcaps_v1,2025-12-20T17:03:04+00:00
TII,universe_midcaps_v1,2025-12-20T17:03:04+00:00
TIL,universe_midcaps_v1,2025-12-20T17:03:04+00:00
TILE,universe_midcaps_v1,2025-12-20T17:03:04+00:00
TIMB,universe_midcaps_v1,2025-12-20T17:03:04+00:00
TIPT,universe_midcaps_v1,2025-12-20T17:03:04+00:00
TISI,universe_midcaps_v1,2025-12-20T17:03:04+00:00
TITN,universe_midcaps_v1,2025-12-20T17:03:04+00:00
TIVC,universe_midcaps_v1,2025-12-20T17:03:04+00:00
TK,universe_midcaps_v1,2025-12-20T17:03:04+00:00
TKC,universe_midcaps_v1,2025-12-20T17:03:04+00:00
TKLF,universe_midcaps_v1,2025-12-20T17:03:04+00:00
TKNO,universe_midcaps_v1,2025-12-20T17:03:04+00:00
TKR,universe_midcaps_v1,2025-12-20T17:03:04+00:00
TLF,universe_midcaps_v1,2025-12-20T17:03:04+00:00
TLNC,universe_midcaps_v1,2025-12-20T17:03:04+00:00
TLPH,universe_midcaps_v1,2025-12-20T17:03:04+00:00
TLRY,universe_midcaps_v1,2025-12-20T17:03:04+00:00
TLS,universe_midcaps_v1,2025-12-20T17:03:04+00:00
TLSA,universe_midcaps_v1,2025-12-20T17:03:04+00:00
TLSI,universe_midcaps_v1,2025-12-20T17:03:04+00:00
TLX,universe_midcaps_v1,2025-12-20T17:03:04+00:00
TLYS,universe_midcaps_v1,2025-12-20T17:03:04+00:00
TMC,universe_midcaps_v1,2025-12-20T17:03:04+00:00
TMCI,universe_midcaps_v1,2025-12-20T17:03:04+00:00
TMDX,universe_midcaps_v1,2025-12-20T17:03:04+00:00
TMHC,universe_midcaps_v1,2025-12-20T17:03:04+00:00
TMP,universe_midcaps_v1,2025-12-20T17:03:04+00:00
TMQ,universe_midcaps_v1,2025-12-20T17:03:04+00:00
TNC,universe_midcaps_v1,2025-12-20T17:03:04+00:00
TNDM,universe_midcaps_v1,2025-12-20T17:03:04+00:00
TNET,universe_midcaps_v1,2025-12-20T17:03:04+00:00
TNGX,universe_midcaps_v1,2025-12-20T17:03:04+00:00
TNK,universe_midcaps_v1,2025-12-20T17:03:04+00:00
TNL,universe_midcaps_v1,2025-12-20T17:03:04+00:00
TNON,universe_midcaps_v1,2025-12-20T17:03:04+00:00
TNXP,universe_midcaps_v1,2025-12-20T17:03:04+00:00
TOI,universe_midcaps_v1,2025-12-20T17:03:04+00:00
TONX,universe_midcaps_v1,2025-12-20T17:03:04+00:00
TOP,universe_midcaps_v1,2025-12-20T17:03:04+00:00
TOPS,universe_midcaps_v1,2025-12-20T17:03:04+00:00
TORO,universe_midcaps_v1,2025-12-20T17:03:04+00:00
TOWN,universe_midcaps_v1,2025-12-20T17:03:04+00:00
TOYO,universe_midcaps_v1,2025-12-20T17:03:04+00:00
TPB,universe_midcaps_v1,2025-12-20T17:03:04+00:00
TPC,universe_midcaps_v1,2025-12-20T17:03:04+00:00
TPCS,universe_midcaps_v1,2025-12-20T17:03:04+00:00
TPH,universe_midcaps_v1,2025-12-20T17:03:04+00:00
TPST,universe_midcaps_v1,2025-12-20T17:03:04+00:00
TPVG,universe_midcaps_v1,2025-12-20T17:03:04+00:00
TR,universe_midcaps_v1,2025-12-20T17:03:04+00:00
TRAK,universe_midcaps_v1,2025-12-20T17:03:04+00:00
TRAW,universe_midcaps_v1,2025-12-20T17:03:04+00:00
TRC,universe_midcaps_v1,2025-12-20T17:03:04+00:00
TRDA,universe_midcaps_v1,2025-12-20T17:03:04+00:00
TREE,universe_midcaps_v1,2025-12-20T17:03:04+00:00
TREX,universe_midcaps_v1,2025-12-20T17:03:04+00:00
TRIN,universe_midcaps_v1,2025-12-20T17:03:04+00:00
TRIP,universe_midcaps_v1,2025-12-20T17:03:04+00:00
TRMD,universe_midcaps_v1,2025-12-20T17:03:04+00:00
TRMK,universe_midcaps_v1,2025-12-20T17:03:04+00:00
TRN,universe_midcaps_v1,2025-12-20T17:03:04+00:00
TRNO,universe_midcaps_v1,2025-12-20T17:03:04+00:00
TRNR,universe_midcaps_v1,2025-12-20T17:03:04+00:00
TRNS,universe_midcaps_v1,2025-12-20T17:03:04+00:00
TRON,universe_midcaps_v1,2025-12-20T17:03:04+00:00
TROO,universe_midcaps_v1,2025-12-20T17:03:04+00:00
TROX,universe_midcaps_v1,2025-12-20T17:03:04+00:00
TRS,universe_midcaps_v1,2025-12-20T17:03:04+00:00
TRSG,universe_midcaps_v1,2025-12-20T17:03:04+00:00
TRST,universe_midcaps_v1,2025-12-20T17:03:04+00:00
TRT,universe_midcaps_v1,2025-12-20T17:03:04+00:00
TRTX,universe_midcaps_v1,2025-12-20T17:03:04+00:00
TRUE,universe_midcaps_v1,2025-12-20T17:03:04+00:00
TRUP,universe_midcaps_v1,2025-12-20T17:03:04+00:00
TRVG,universe_midcaps_v1,2025-12-20T17:03:04+00:00
TRVI,universe_midcaps_v1,2025-12-20T17:03:04+00:00
TSAT,universe_midcaps_v1,2025-12-20T17:03:04+00:00
TSBK,universe_midcaps_v1,2025-12-20T17:03:04+00:00
TSHA,universe_midcaps_v1,2025-12-20T17:03:04+00:00
TSLX,universe_midcaps_v1,2025-12-20T17:03:04+00:00
TSQ,universe_midcaps_v1,2025-12-20T17:03:04+00:00
TSSI,universe_midcaps_v1,2025-12-20T17:03:04+00:00
TTAM,universe_midcaps_v1,2025-12-20T17:03:04+00:00
TTC,universe_midcaps_v1,2025-12-20T17:03:04+00:00
TTEC,universe_midcaps_v1,2025-12-20T17:03:04+00:00
TTEK,universe_midcaps_v1,2025-12-20T17:03:04+00:00
TTGT,universe_midcaps_v1,2025-12-20T17:03:04+00:00
TTI,universe_midcaps_v1,2025-12-20T17:03:04+00:00
TTMI,universe_midcaps_v1,2025-12-20T17:03:04+00:00
TTRX,universe_midcaps_v1,2025-12-20T17:03:04+00:00
TTSH,universe_midcaps_v1,2025-12-20T17:03:04+00:00
TUSK,universe_midcaps_v1,2025-12-20T17:03:04+00:00
TUYA,universe_midcaps_v1,2025-12-20T17:03:04+00:00
TV,universe_midcaps_v1,2025-12-20T17:03:04+00:00
TVA,universe_midcaps_v1,2025-12-20T17:03:04+00:00
TVAI,universe_midcaps_v1,2025-12-20T17:03:04+00:00
TVRD,universe_midcaps_v1,2025-12-20T17:03:04+00:00
TVTX,universe_midcaps_v1,2025-12-20T17:03:04+00:00
TWAV,universe_midcaps_v1,2025-12-20T17:03:04+00:00
TWFG,universe_midcaps_v1,2025-12-20T17:03:04+00:00
TWG,universe_midcaps_v1,2025-12-20T17:03:04+00:00
TWI,universe_midcaps_v1,2025-12-20T17:03:04+00:00
TWIN,universe_midcaps_v1,2025-12-20T17:03:04+00:00
TWLVU,universe_midcaps_v1,2025-12-20T17:03:04+00:00
TWO,universe_midcaps_v1,2025-12-20T17:03:04+00:00
TWST,universe_midcaps_v1,2025-12-20T17:03:04+00:00
TX,universe_midcaps_v1,2025-12-20T17:03:04+00:00
TXG,universe_midcaps_v1,2025-12-20T17:03:04+00:00
TXMD,universe_midcaps_v1,2025-12-20T17:03:04+00:00
TXNM,universe_midcaps_v1,2025-12-20T17:03:04+00:00
TXO,universe_midcaps_v1,2025-12-20T17:03:04+00:00
TYGO,universe_midcaps_v1,2025-12-20T17:03:04+00:00
TYRA,universe_midcaps_v1,2025-12-20T17:03:04+00:00
TZOO,universe_midcaps_v1,2025-12-20T17:03:04+00:00
UA,universe_midcaps_v1,2025-12-20T17:03:04+00:00
UAA,universe_midcaps_v1,2025-12-20T17:03:04+00:00
UAMY,universe_midcaps_v1,2025-12-20T17:03:04+00:00
UAN,universe_midcaps_v1,2025-12-20T17:03:04+00:00
UAVS,universe_midcaps_v1,2025-12-20T17:03:04+00:00
UBCP,universe_midcaps_v1,2025-12-20T17:03:04+00:00
UBFO,universe_midcaps_v1,2025-12-20T17:03:04+00:00
UBSI,universe_midcaps_v1,2025-12-20T17:03:04+00:00
UBXG,universe_midcaps_v1,2025-12-20T17:03:04+00:00
UCAR,universe_midcaps_v1,2025-12-20T17:03:04+00:00
UCB,universe_midcaps_v1,2025-12-20T17:03:04+00:00
UCL,universe_midcaps_v1,2025-12-20T17:03:04+00:00
UCTT,universe_midcaps_v1,2025-12-20T17:03:04+00:00
UDMY,universe_midcaps_v1,2025-12-20T17:03:04+00:00
UE,universe_midcaps_v1,2025-12-20T17:03:04+00:00
UEC,universe_midcaps_v1,2025-12-20T17:03:04+00:00
UEIC,universe_midcaps_v1,2025-12-20T17:03:04+00:00
UFCS,universe_midcaps_v1,2025-12-20T17:03:04+00:00
UFI,universe_midcaps_v1,2025-12-20T17:03:04+00:00
UFPI,universe_midcaps_v1,2025-12-20T17:03:04+00:00
UFPT,universe_midcaps_v1,2025-12-20T17:03:04+00:00
UG,universe_midcaps_v1,2025-12-20T17:03:04+00:00
UGI,universe_midcaps_v1,2025-12-20T17:03:04+00:00
UGP,universe_midcaps_v1,2025-12-20T17:03:04+00:00
UHAL,universe_midcaps_v1,2025-12-20T17:03:04+00:00
UHAL-B,universe_midcaps_v1,2025-12-20T17:03:04+00:00
UHG,universe_midcaps_v1,2025-12-20T17:03:04+00:00
UHT,universe_midcaps_v1,2025-12-20T17:03:04+00:00
UIS,universe_midcaps_v1,2025-12-20T17:03:04+00:00
ULBI,universe_midcaps_v1,2025-12-20T17:03:04+00:00
ULCC,universe_midcaps_v1,2025-12-20T17:03:04+00:00
ULH,universe_midcaps_v1,2025-12-20T17:03:04+00:00
ULY,universe_midcaps_v1,2025-12-20T17:03:04+00:00
UMAC,universe_midcaps_v1,2025-12-20T17:03:04+00:00
UMBF,universe_midcaps_v1,2025-12-20T17:03:04+00:00
UMH,universe_midcaps_v1,2025-12-20T17:03:04+00:00
UNB,universe_midcaps_v1,2025-12-20T17:03:04+00:00
UNCY,universe_midcaps_v1,2025-12-20T17:03:04+00:00
UNF,universe_midcaps_v1,2025-12-20T17:03:04+00:00
UNFI,universe_midcaps_v1,2025-12-20T17:03:04+00:00
UNIT,universe_midcaps_v1,2025-12-20T17:03:04+00:00
UNTY,universe_midcaps_v1,2025-12-20T17:03:04+00:00
UOKA,universe_midcaps_v1,2025-12-20T17:03:04+00:00
UONE,universe_midcaps_v1,2025-12-20T17:03:04+00:00
UPB,universe_midcaps_v1,2025-12-20T17:03:04+00:00
UPBD,universe_midcaps_v1,2025-12-20T17:03:04+00:00
UPC,universe_midcaps_v1,2025-12-20T17:03:04+00:00
UPLD,universe_midcaps_v1,2025-12-20T17:03:04+00:00
UPST,universe_midcaps_v1,2025-12-20T17:03:04+00:00
UPWK,universe_midcaps_v1,2025-12-20T17:03:04+00:00
UPXI,universe_midcaps_v1,2025-12-20T17:03:04+00:00
URBN,universe_midcaps_v1,2025-12-20T17:03:04+00:00
URG,universe_midcaps_v1,2025-12-20T17:03:04+00:00
URGN,universe_midcaps_v1,2025-12-20T17:03:04+00:00
UROY,universe_midcaps_v1,2025-12-20T17:03:04+00:00
USAC,universe_midcaps_v1,2025-12-20T17:03:04+00:00
USAR,universe_midcaps_v1,2025-12-20T17:03:04+00:00
USAS,universe_midcaps_v1,2025-12-20T17:03:04+00:00
USAU,universe_midcaps_v1,2025-12-20T17:03:04+00:00
USCB,universe_midcaps_v1,2025-12-20T17:03:04+00:00
USEA,universe_midcaps_v1,2025-12-20T17:03:04+00:00
USGO,universe_midcaps_v1,2025-12-20T17:03:04+00:00
USIO,universe_midcaps_v1,2025-12-20T17:03:04+00:00
USLM,universe_midcaps_v1,2025-12-20T17:03:04+00:00
USNA,universe_midcaps_v1,2025-12-20T17:03:04+00:00
USPH,universe_midcaps_v1,2025-12-20T17:03:04+00:00
UTI,universe_midcaps_v1,2025-12-20T17:03:04+00:00
UTL,universe_midcaps_v1,2025-12-20T17:03:04+00:00
UTMD,universe_midcaps_v1,2025-12-20T17:03:04+00:00
UTSI,universe_midcaps_v1,2025-12-20T17:03:04+00:00
UTZ,universe_midcaps_v1,2025-12-20T17:03:04+00:00
UUU,universe_midcaps_v1,2025-12-20T17:03:04+00:00
UUUU,universe_midcaps_v1,2025-12-20T17:03:04+00:00
UVE,universe_midcaps_v1,2025-12-20T17:03:04+00:00
UVSP,universe_midcaps_v1,2025-12-20T17:03:04+00:00
UVV,universe_midcaps_v1,2025-12-20T17:03:04+00:00
UWMC,universe_midcaps_v1,2025-12-20T17:03:04+00:00
UXIN,universe_midcaps_v1,2025-12-20T17:03:04+00:00
UYSC,universe_midcaps_v1,2025-12-20T17:03:04+00:00
VABK,universe_midcaps_v1,2025-12-20T17:03:04+00:00
VAC,universe_midcaps_v1,2025-12-20T17:03:04+00:00
VACH,universe_midcaps_v1,2025-12-20T17:03:04+00:00
VACI,universe_midcaps_v1,2025-12-20T17:03:04+00:00
VAL,universe_midcaps_v1,2025-12-20T17:03:04+00:00
VALN,universe_midcaps_v1,2025-12-20T17:03:04+00:00
VALU,universe_midcaps_v1,2025-12-20T17:03:04+00:00
VANI,universe_midcaps_v1,2025-12-20T17:03:04+00:00
VATE,universe_midcaps_v1,2025-12-20T17:03:04+00:00
VBIX,universe_midcaps_v1,2025-12-20T17:03:04+00:00
VBNK,universe_midcaps_v1,2025-12-20T17:03:04+00:00
VC,universe_midcaps_v1,2025-12-20T17:03:04+00:00
VCEL,universe_midcaps_v1,2025-12-20T17:03:04+00:00
VCIC,universe_midcaps_v1,2025-12-20T17:03:04+00:00
VCTR,universe_midcaps_v1,2025-12-20T17:03:04+00:00
VCYT,universe_midcaps_v1,2025-12-20T17:03:04+00:00
VECO,universe_midcaps_v1,2025-12-20T17:03:04+00:00
VEEE,universe_midcaps_v1,2025-12-20T17:03:04+00:00
VEL,universe_midcaps_v1,2025-12-20T17:03:04+00:00
VELO,universe_midcaps_v1,2025-12-20T17:03:04+00:00
VENU,universe_midcaps_v1,2025-12-20T17:03:04+00:00
VEON,universe_midcaps_v1,2025-12-20T17:03:04+00:00
VERA,universe_midcaps_v1,2025-12-20T17:03:04+00:00
VERI,universe_midcaps_v1,2025-12-20T17:03:04+00:00
VERO,universe_midcaps_v1,2025-12-20T17:03:04+00:00
VERU,universe_midcaps_v1,2025-12-20T17:03:04+00:00
VERX,universe_midcaps_v1,2025-12-20T17:03:04+00:00
VET,universe_midcaps_v1,2025-12-20T17:03:04+00:00
VFC,universe_midcaps_v1,2025-12-20T17:03:04+00:00
VFF,universe_midcaps_v1,2025-12-20T17:03:04+00:00
VFS,universe_midcaps_v1,2025-12-20T17:03:04+00:00
VGAS,universe_midcaps_v1,2025-12-20T17:03:04+00:00
VGZ,universe_midcaps_v1,2025-12-20T17:03:04+00:00
VHC,universe_midcaps_v1,2025-12-20T17:03:04+00:00
VHCPU,universe_midcaps_v1,2025-12-20T17:03:04+00:00
VHI,universe_midcaps_v1,2025-12-20T17:03:04+00:00
VIA,universe_midcaps_v1,2025-12-20T17:03:04+00:00
VIAV,universe_midcaps_v1,2025-12-20T17:03:04+00:00
VICR,universe_midcaps_v1,2025-12-20T17:03:04+00:00
VINP,universe_midcaps_v1,2025-12-20T17:03:04+00:00
VIOT,universe_midcaps_v1,2025-12-20T17:03:04+00:00
VIPS,universe_midcaps_v1,2025-12-20T17:03:04+00:00
VIR,universe_midcaps_v1,2025-12-20T17:03:04+00:00
VIRC,universe_midcaps_v1,2025-12-20T17:03:04+00:00
VIRT,universe_midcaps_v1,2025-12-20T17:03:04+00:00
VIST,universe_midcaps_v1,2025-12-20T17:03:04+00:00
VITL,universe_midcaps_v1,2025-12-20T17:03:04+00:00
VIVS,universe_midcaps_v1,2025-12-20T17:03:04+00:00
VKTX,universe_midcaps_v1,2025-12-20T17:03:04+00:00
VLGEA,universe_midcaps_v1,2025-12-20T17:03:04+00:00
VLN,universe_midcaps_v1,2025-12-20T17:03:04+00:00
VLRS,universe_midcaps_v1,2025-12-20T17:03:04+00:00
VLY,universe_midcaps_v1,2025-12-20T17:03:04+00:00
VMD,universe_midcaps_v1,2025-12-20T17:03:04+00:00
VMI,universe_midcaps_v1,2025-12-20T17:03:04+00:00
VNCE,universe_midcaps_v1,2025-12-20T17:03:04+00:00
VNDA,universe_midcaps_v1,2025-12-20T17:03:04+00:00
VNET,universe_midcaps_v1,2025-12-20T17:03:04+00:00
VNME,universe_midcaps_v1,2025-12-20T17:03:04+00:00
VNO,universe_midcaps_v1,2025-12-20T17:03:04+00:00
VNT,universe_midcaps_v1,2025-12-20T17:03:04+00:00
VOC,universe_midcaps_v1,2025-12-20T17:03:04+00:00
VOR,universe_midcaps_v1,2025-12-20T17:03:04+00:00
VOXR,universe_midcaps_v1,2025-12-20T17:03:04+00:00
VOYA,universe_midcaps_v1,2025-12-20T17:03:04+00:00
VOYG,universe_midcaps_v1,2025-12-20T17:03:04+00:00
VPG,universe_midcaps_v1,2025-12-20T17:03:04+00:00
VRA,universe_midcaps_v1,2025-12-20T17:03:04+00:00
VRCA,universe_midcaps_v1,2025-12-20T17:03:04+00:00
VRDN,universe_midcaps_v1,2025-12-20T17:03:04+00:00
VRE,universe_midcaps_v1,2025-12-20T17:03:04+00:00
VREX,universe_midcaps_v1,2025-12-20T17:03:04+00:00
VRM,universe_midcaps_v1,2025-12-20T17:03:04+00:00
VRNS,universe_midcaps_v1,2025-12-20T17:03:04+00:00
VRRM,universe_midcaps_v1,2025-12-20T17:03:04+00:00
VRTS,universe_midcaps_v1,2025-12-20T17:03:04+00:00
VS,universe_midcaps_v1,2025-12-20T17:03:04+00:00
VSAT,universe_midcaps_v1,2025-12-20T17:03:04+00:00
VSCO,universe_midcaps_v1,2025-12-20T17:03:04+00:00
VSEC,universe_midcaps_v1,2025-12-20T17:03:04+00:00
VSH,universe_midcaps_v1,2025-12-20T17:03:04+00:00
VSTA,universe_midcaps_v1,2025-12-20T17:03:04+00:00
VSTM,universe_midcaps_v1,2025-12-20T17:03:04+00:00
VSTS,universe_midcaps_v1,2025-12-20T17:03:04+00:00
VTAK,universe_midcaps_v1,2025-12-20T17:03:04+00:00
VTEX,universe_midcaps_v1,2025-12-20T17:03:04+00:00
VTLE,universe_midcaps_v1,2025-12-20T17:03:04+00:00
VTMX,universe_midcaps_v1,2025-12-20T17:03:04+00:00
VTOL,universe_midcaps_v1,2025-12-20T17:03:04+00:00
VTS,universe_midcaps_v1,2025-12-20T17:03:04+00:00
VTSI,universe_midcaps_v1,2025-12-20T17:03:04+00:00
VTVT,universe_midcaps_v1,2025-12-20T17:03:04+00:00
VTYX,universe_midcaps_v1,2025-12-20T17:03:04+00:00
VUZI,universe_midcaps_v1,2025-12-20T17:03:04+00:00
VVOS,universe_midcaps_v1,2025-12-20T17:03:04+00:00
VVPR,universe_midcaps_v1,2025-12-20T17:03:04+00:00
VVV,universe_midcaps_v1,2025-12-20T17:03:04+00:00
VVX,universe_midcaps_v1,2025-12-20T17:03:04+00:00
VWAV,universe_midcaps_v1,2025-12-20T17:03:04+00:00
VYGR,universe_midcaps_v1,2025-12-20T17:03:04+00:00
VYX,universe_midcaps_v1,2025-12-20T17:03:04+00:00
VZLA,universe_midcaps_v1,2025-12-20T17:03:04+00:00
WABC,universe_midcaps_v1,2025-12-20T17:03:04+00:00
WAFD,universe_midcaps_v1,2025-12-20T17:03:04+00:00
WAFU,universe_midcaps_v1,2025-12-20T17:03:04+00:00
WAI,universe_midcaps_v1,2025-12-20T17:03:04+00:00
WAL,universe_midcaps_v1,2025-12-20T17:03:04+00:00
WALD,universe_midcaps_v1,2025-12-20T17:03:04+00:00
WASH,universe_midcaps_v1,2025-12-20T17:03:04+00:00
WATT,universe_midcaps_v1,2025-12-20T17:03:04+00:00
WAVE,universe_midcaps_v1,2025-12-20T17:03:04+00:00
WAY,universe_midcaps_v1,2025-12-20T17:03:04+00:00
WB,universe_midcaps_v1,2025-12-20T17:03:04+00:00
WBI,universe_midcaps_v1,2025-12-20T17:03:04+00:00
WBTN,universe_midcaps_v1,2025-12-20T17:03:04+00:00
WBUY,universe_midcaps_v1,2025-12-20T17:03:04+00:00
WBX,universe_midcaps_v1,2025-12-20T17:03:04+00:00
WD,universe_midcaps_v1,2025-12-20T17:03:04+00:00
WDFC,universe_midcaps_v1,2025-12-20T17:03:04+00:00
WDH,universe_midcaps_v1,2025-12-20T17:03:04+00:00
WEAV,universe_midcaps_v1,2025-12-20T17:03:04+00:00
WEN,universe_midcaps_v1,2025-12-20T17:03:04+00:00
WENN,universe_midcaps_v1,2025-12-20T17:03:04+00:00
WERN,universe_midcaps_v1,2025-12-20T17:03:04+00:00
WEST,universe_midcaps_v1,2025-12-20T17:03:04+00:00
WETH,universe_midcaps_v1,2025-12-20T17:03:04+00:00
WEX,universe_midcaps_v1,2025-12-20T17:03:04+00:00
WEYS,universe_midcaps_v1,2025-12-20T17:03:04+00:00
WFCF,universe_midcaps_v1,2025-12-20T17:03:04+00:00
WFG,universe_midcaps_v1,2025-12-20T17:03:04+00:00
WFRD,universe_midcaps_v1,2025-12-20T17:03:04+00:00
WGO,universe_midcaps_v1,2025-12-20T17:03:04+00:00
WGS,universe_midcaps_v1,2025-12-20T17:03:04+00:00
WH,universe_midcaps_v1,2025-12-20T17:03:04+00:00
WHD,universe_midcaps_v1,2025-12-20T17:03:04+00:00
WHF,universe_midcaps_v1,2025-12-20T17:03:04+00:00
WHG,universe_midcaps_v1,2025-12-20T17:03:04+00:00
WHLR,universe_midcaps_v1,2025-12-20T17:03:04+00:00
WHR,universe_midcaps_v1,2025-12-20T17:03:04+00:00
WHWK,universe_midcaps_v1,2025-12-20T17:03:04+00:00
WILC,universe_midcaps_v1,2025-12-20T17:03:04+00:00
WIMI,universe_midcaps_v1,2025-12-20T17:03:04+00:00
WINA,universe_midcaps_v1,2025-12-20T17:03:04+00:00
WING,universe_midcaps_v1,2025-12-20T17:03:04+00:00
WIX,universe_midcaps_v1,2025-12-20T17:03:04+00:00
WK,universe_midcaps_v1,2025-12-20T17:03:04+00:00
WKC,universe_midcaps_v1,2025-12-20T17:03:04+00:00
WKEY,universe_midcaps_v1,2025-12-20T17:03:04+00:00
WKHS,universe_midcaps_v1,2025-12-20T17:03:04+00:00
WKSP,universe_midcaps_v1,2025-12-20T17:03:04+00:00
WLAC,universe_midcaps_v1,2025-12-20T17:03:04+00:00
WLDN,universe_midcaps_v1,2025-12-20T17:03:04+00:00
WLDS,universe_midcaps_v1,2025-12-20T17:03:04+00:00
WLFC,universe_midcaps_v1,2025-12-20T17:03:04+00:00
WLK,universe_midcaps_v1,2025-12-20T17:03:04+00:00
WLKP,universe_midcaps_v1,2025-12-20T17:03:04+00:00
WLTH,universe_midcaps_v1,2025-12-20T17:03:04+00:00
WLY,universe_midcaps_v1,2025-12-20T17:03:04+00:00
WMK,universe_midcaps_v1,2025-12-20T17:03:04+00:00
WNC,universe_midcaps_v1,2025-12-20T17:03:04+00:00
WNEB,universe_midcaps_v1,2025-12-20T17:03:04+00:00
WNW,universe_midcaps_v1,2025-12-20T17:03:04+00:00
WOLF,universe_midcaps_v1,2025-12-20T17:03:04+00:00
WOOF,universe_midcaps_v1,2025-12-20T17:03:04+00:00
WOR,universe_midcaps_v1,2025-12-20T17:03:04+00:00
WOW,universe_midcaps_v1,2025-12-20T17:03:04+00:00
WPP,universe_midcaps_v1,2025-12-20T17:03:04+00:00
WPRT,universe_midcaps_v1,2025-12-20T17:03:04+00:00
WRAP,universe_midcaps_v1,2025-12-20T17:03:04+00:00
WRBY,universe_midcaps_v1,2025-12-20T17:03:04+00:00
WRD,universe_midcaps_v1,2025-12-20T17:03:04+00:00
WRLD,universe_midcaps_v1,2025-12-20T17:03:04+00:00
WRN,universe_midcaps_v1,2025-12-20T17:03:04+00:00
WS,universe_midcaps_v1,2025-12-20T17:03:04+00:00
WSBC,universe_midcaps_v1,2025-12-20T17:03:04+00:00
WSBF,universe_midcaps_v1,2025-12-20T17:03:04+00:00
WSBK,universe_midcaps_v1,2025-12-20T17:03:04+00:00
WSC,universe_midcaps_v1,2025-12-20T17:03:04+00:00
WSFS,universe_midcaps_v1,2025-12-20T17:03:04+00:00
WSHP,universe_midcaps_v1,2025-12-20T17:03:04+00:00
WSR,universe_midcaps_v1,2025-12-20T17:03:04+00:00
WSTNU,universe_midcaps_v1,2025-12-20T17:03:04+00:00
WT,universe_midcaps_v1,2025-12-20T17:03:04+00:00
WTBA,universe_midcaps_v1,2025-12-20T17:03:04+00:00
WTF,universe_midcaps_v1,2025-12-20T17:03:04+00:00
WTFC,universe_midcaps_v1,2025-12-20T17:03:04+00:00
WTG,universe_midcaps_v1,2025-12-20T17:03:04+00:00
WTI,universe_midcaps_v1,2025-12-20T17:03:04+00:00
WTM,universe_midcaps_v1,2025-12-20T17:03:04+00:00
WTS,universe_midcaps_v1,2025-12-20T17:03:04+00:00
WTTR,universe_midcaps_v1,2025-12-20T17:03:04+00:00
WU,universe_midcaps_v1,2025-12-20T17:03:04+00:00
WULF,universe_midcaps_v1,2025-12-20T17:03:04+00:00
WVE,universe_midcaps_v1,2025-12-20T17:03:04+00:00
WVVI,universe_midcaps_v1,2025-12-20T17:03:04+00:00
WW,universe_midcaps_v1,2025-12-20T17:03:04+00:00
WWW,universe_midcaps_v1,2025-12-20T17:03:04+00:00
WYFI,universe_midcaps_v1,2025-12-20T17:03:04+00:00
WYY,universe_midcaps_v1,2025-12-20T17:03:04+00:00
XBIO,universe_midcaps_v1,2025-12-20T17:03:04+00:00
XBIT,universe_midcaps_v1,2025-12-20T17:03:04+00:00
XBP,universe_midcaps_v1,2025-12-20T17:03:04+00:00
XCH,universe_midcaps_v1,2025-12-20T17:03:04+00:00
XCUR,universe_midcaps_v1,2025-12-20T17:03:04+00:00
XELB,universe_midcaps_v1,2025-12-20T17:03:04+00:00
XENE,universe_midcaps_v1,2025-12-20T17:03:04+00:00
XERS,universe_midcaps_v1,2025-12-20T17:03:04+00:00
XFOR,universe_midcaps_v1,2025-12-20T17:03:04+00:00
XGN,universe_midcaps_v1,2025-12-20T17:03:04+00:00
XHLD,universe_midcaps_v1,2025-12-20T17:03:04+00:00
XHR,universe_midcaps_v1,2025-12-20T17:03:04+00:00
XIFR,universe_midcaps_v1,2025-12-20T17:03:04+00:00
XMTR,universe_midcaps_v1,2025-12-20T17:03:04+00:00
XNCR,universe_midcaps_v1,2025-12-20T17:03:04+00:00
XNET,universe_midcaps_v1,2025-12-20T17:03:04+00:00
XOMA,universe_midcaps_v1,2025-12-20T17:03:04+00:00
XOS,universe_midcaps_v1,2025-12-20T17:03:04+00:00
XP,universe_midcaps_v1,2025-12-20T17:03:04+00:00
XPEL,universe_midcaps_v1,2025-12-20T17:03:04+00:00
XPER,universe_midcaps_v1,2025-12-20T17:03:04+00:00
XPOF,universe_midcaps_v1,2025-12-20T17:03:04+00:00
XPRO,universe_midcaps_v1,2025-12-20T17:03:04+00:00
XRAY,universe_midcaps_v1,2025-12-20T17:03:04+00:00
XRPN,universe_midcaps_v1,2025-12-20T17:03:04+00:00
XRX,universe_midcaps_v1,2025-12-20T17:03:04+00:00
XTIA,universe_midcaps_v1,2025-12-20T17:03:04+00:00
XTKG,universe_midcaps_v1,2025-12-20T17:03:04+00:00
XWIN,universe_midcaps_v1,2025-12-20T17:03:04+00:00
XXI,universe_midcaps_v1,2025-12-20T17:03:04+00:00
XYF,universe_midcaps_v1,2025-12-20T17:03:04+00:00
XZO,universe_midcaps_v1,2025-12-20T17:03:04+00:00
YAAS,universe_midcaps_v1,2025-12-20T17:03:04+00:00
YALA,universe_midcaps_v1,2025-12-20T17:03:04+00:00
YB,universe_midcaps_v1,2025-12-20T17:03:04+00:00
YCBD,universe_midcaps_v1,2025-12-20T17:03:04+00:00
YCY,universe_midcaps_v1,2025-12-20T17:03:04+00:00
YCY-U,universe_midcaps_v1,2025-12-20T17:03:04+00:00
YDDL,universe_midcaps_v1,2025-12-20T17:03:04+00:00
YDES,universe_midcaps_v1,2025-12-20T17:03:04+00:00
YELP,universe_midcaps_v1,2025-12-20T17:03:04+00:00
YETI,universe_midcaps_v1,2025-12-20T17:03:04+00:00
YEXT,universe_midcaps_v1,2025-12-20T17:03:04+00:00
YHGJ,universe_midcaps_v1,2025-12-20T17:03:04+00:00
YHNA,universe_midcaps_v1,2025-12-20T17:03:04+00:00
YI,universe_midcaps_v1,2025-12-20T17:03:04+00:00
YIBO,universe_midcaps_v1,2025-12-20T17:03:04+00:00
YJ,universe_midcaps_v1,2025-12-20T17:03:04+00:00
YMT,universe_midcaps_v1,2025-12-20T17:03:04+00:00
YORW,universe_midcaps_v1,2025-12-20T17:03:04+00:00
YOU,universe_midcaps_v1,2025-12-20T17:03:04+00:00
YOUL,universe_midcaps_v1,2025-12-20T17:03:04+00:00
YQ,universe_midcaps_v1,2025-12-20T17:03:04+00:00
YRD,universe_midcaps_v1,2025-12-20T17:03:04+00:00
YSG,universe_midcaps_v1,2025-12-20T17:03:04+00:00
YSXT,universe_midcaps_v1,2025-12-20T17:03:04+00:00
YTRA,universe_midcaps_v1,2025-12-20T17:03:04+00:00
YYAI,universe_midcaps_v1,2025-12-20T17:03:04+00:00
ZBAI,universe_midcaps_v1,2025-12-20T17:03:04+00:00
ZBIO,universe_midcaps_v1,2025-12-20T17:03:04+00:00
ZD,universe_midcaps_v1,2025-12-20T17:03:04+00:00
ZDGE,universe_midcaps_v1,2025-12-20T17:03:04+00:00
ZENA,universe_midcaps_v1,2025-12-20T17:03:04+00:00
ZENV,universe_midcaps_v1,2025-12-20T17:03:04+00:00
ZEPP,universe_midcaps_v1,2025-12-20T17:03:04+00:00
ZETA,universe_midcaps_v1,2025-12-20T17:03:04+00:00
ZEUS,universe_midcaps_v1,2025-12-20T17:03:04+00:00
ZGN,universe_midcaps_v1,2025-12-20T17:03:04+00:00
ZH,universe_midcaps_v1,2025-12-20T17:03:04+00:00
ZIM,universe_midcaps_v1,2025-12-20T17:03:04+00:00
ZION,universe_midcaps_v1,2025-12-20T17:03:04+00:00
ZIP,universe_midcaps_v1,2025-12-20T17:03:04+00:00
ZJK,universe_midcaps_v1,2025-12-20T17:03:04+00:00
ZK,universe_midcaps_v1,2025-12-20T17:03:04+00:00
ZKH,universe_midcaps_v1,2025-12-20T17:03:04+00:00
ZKIN,universe_midcaps_v1,2025-12-20T17:03:04+00:00
ZLAB,universe_midcaps_v1,2025-12-20T17:03:04+00:00
ZNTL,universe_midcaps_v1,2025-12-20T17:03:04+00:00
ZUMZ,universe_midcaps_v1,2025-12-20T17:03:04+00:00
ZURA,universe_midcaps_v1,2025-12-20T17:03:04+00:00
ZVIA,universe_midcaps_v1,2025-12-20T17:03:04+00:00
ZVRA,universe_midcaps_v1,2025-12-20T17:03:04+00:00
ZWS,universe_midcaps_v1,2025-12-20T17:03:04+00:00
ZYBT,universe_midcaps_v1,2025-12-20T17:03:04+00:00
ZYME,universe_midcaps_v1,2025-12-20T17:03:04+00:00
